Intermediate,RM_Code,RM_Qty_Per_Batch
0Q110,5SN,1.0
0Q120,7EP,1.0
0T150,OLJ,1.0
0T160,9RJ,1.0
0T410,OLJ,1.0
0T420,OLJ,1.0
0T470,OLJ,1.0
0T480,1EK,1.0
0T490,OLJ,1.0
0T500,5JK,1.0
0T690,1EK,1.0
0T720,1EK,1.0
0T740,1EK,1.0
0T750,1EK,1.0
0T860,1EK,1.0
0T870,1EK,1.0
0T880,1EK,1.0
0TA30,TDJ,1.0
0TA40,1EK,1.0
0W750,OLJ,1.0
0W780,OLJ,1.0
0Y460,1JN,1.0
F0220,7CL,1.0
F2090,OJN,1.0
F2100,7CL,1.0
F2180,7CL,1.0
F2210,7CL,1.0
F2290,3TP,1.0
F2350,7CL,1.0
F3060,4HL,1.0
K0030,4HL,1.0
K0050,9RN,1.0
SOL-10H,CHEM-1050,16.11
SOL-10H,CHEM-1100,7.7775
SOL-10H,CHEM-1170,3000.0
SOL-10H,CHEM-1190,0.9
SOL-10H,CHEM-1200,3000.0
SOL-10H,CHEM-1620,1.11
SOL-10H VW,CHEM-1050,16.11
SOL-10H VW,CHEM-1100,7.7775
SOL-10H VW,CHEM-1190,0.9
SOL-10H VW,CHEM-1200,3000.0
SOL-10H VW,CHEM-1620,1.11
SOL-10H VW,CHEM-1630,3000.0
SOL-20P,CHEM-1010,4.874
SOL-20P,CHEM-1020,25.380000000000003
SOL-20P,CHEM-1050,4.324
SOL-20P,CHEM-1090,8121.8279999999995
SOL-20P,CHEM-1620,7.106
SOL-250D,CHEM-1030,47.99992984693092
SOL-250D,CHEM-1180,9000.0
SOL-250D,CHEM-1280,69.2300023753583
SOL-250D,CHEM-1310,9.899890339676235
SOL-85D,CHEM-1030,57.00002769120005
SOL-85D,CHEM-1180,9000.0
SOL-85D,CHEM-1280,115.00039998400065
SOL-SCH,CHEM-1030,0.51
SOL-SCH,CHEM-1050,21.63
SOL-SCH,CHEM-1100,5.3999999999999995
SOL-SCH,CHEM-1170,3000.0
SOL-SCH,CHEM-1810,95.75999999999999
SOL-SH,CHEM-1050,16.666937115388897
SOL-SH,CHEM-1100,7.777602090933414
SOL-SH,CHEM-1170,3000.0
SOL-SH,CHEM-1500,16.999777728887356
TPP-103,CHEM-1110,23.4984075
TPP-103,CHEM-1180,2480.3574405
TPP-103,CHEM-1220,45.0973575
TPP-1367,CHEM-1030,0.03508736624
TPP-1367,CHEM-1050,1.48811712112
TPP-1367,CHEM-1100,0.3715132896
TPP-1367,CHEM-1170,206.396272
TPP-1367,CHEM-1800,26.788945199999997
TPP-1367,CHEM-1810,6.58816900224
TPP-1367,SOL-SCH,20.6396272
TPP-1368,CHEM-1030,0.031706667019999996
TPP-1368,CHEM-1050,1.3447357012599999
TPP-1368,CHEM-1100,0.3357176508
TPP-1368,CHEM-1170,186.50980599999997
TPP-1368,CHEM-1800,28.0809613
TPP-1368,CHEM-1810,5.953393007519999
TPP-1368,SOL-SCH,18.650980599999997
TPP-1369,CHEM-1030,0.018284666879999995
TPP-1369,CHEM-1050,0.7754849894399999
TPP-1369,CHEM-1100,0.19360235519999996
TPP-1369,CHEM-1170,107.55686399999999
TPP-1369,CHEM-1800,31.1417856
TPP-1369,CHEM-1810,3.4332150988799994
TPP-1369,SOL-SCH,10.755686399999998
TPP-1378,CHEM-1030,0.019487427079999998
TPP-1378,CHEM-1050,0.8264961720399999
TPP-1378,CHEM-1100,0.20633746319999996
TPP-1378,CHEM-1170,114.631924
TPP-1378,CHEM-1800,19.4358406
TPP-1378,CHEM-1810,3.659051014079999
TPP-1378,SOL-SCH,11.463192399999999
TPP-1379,CHEM-1030,0.009981266099999997
TPP-1379,CHEM-1050,0.42332310929999994
TPP-1379,CHEM-1100,0.10568399399999998
TPP-1379,CHEM-1170,58.71332999999999
TPP-1379,CHEM-1800,19.909727500000002
TPP-1379,CHEM-1810,1.8741294935999995
TPP-1379,SOL-SCH,5.871332999999999
TPP-1459,CHEM-1030,0.0144855
TPP-1459,CHEM-1050,0.618048
TPP-1459,CHEM-1100,0.154512
TPP-1459,CHEM-1170,85.70051
TPP-1459,CHEM-1410,21.49219
TPP-1459,CHEM-1810,2.7356135
TPP-1459,CHEM-1820,32.627784
TPP-1466,CHEM-1030,0.013422
TPP-1466,CHEM-1050,0.5798304
TPP-1466,CHEM-1100,0.1449576
TPP-1466,CHEM-1170,80.438046
TPP-1466,CHEM-1410,26.8950036
TPP-1466,CHEM-1810,2.5676286
TPP-1466,CHEM-1820,40.8303951
TPP-190,CHEM-1180,713.3663295
TPP-190,CHEM-1410,18.550713499999997
TPP-190,CHEM-1460,53.920058499999996
TPP-204,CHEM-1180,772.8070329999999
TPP-204,CHEM-1220,13.660786
TPP-204,CHEM-1410,29.842553499999998
TPP-350,CHEM-1180,904.9336447
TPP-350,CHEM-1490,53.766630799999994
TPP-350,CHEM-1520,49.81435
TPP-356,CHEM-1180,2110.893939
TPP-356,CHEM-1220,46.484221999999995
TPP-356,CHEM-1410,41.428949
TPP-358,CHEM-1050,1.6437154221599999
TPP-358,CHEM-1100,0.7670374236
TPP-358,CHEM-1170,295.86397502676004
TPP-358,CHEM-1500,1.67654060448
TPP-358,CHEM-1540,65.14639600000001
TPP-358,SOL-SH,11.165028000000001
TPP-527,CHEM-1180,829.920441
TPP-527,CHEM-1490,50.3156535
TPP-527,CHEM-1520,65.26396799999999
TPP-533,CHEM-1050,1.9943226403265302
TPP-533,CHEM-1100,0.9306477746938774
TPP-533,CHEM-1170,358.9722502435918
TPP-533,CHEM-1500,2.03414948832653
TPP-533,CHEM-1540,59.28375102040815
TPP-533,SOL-SH,13.546546938775508
TPP-537,CHEM-1180,352.2772242
TPP-537,CHEM-1490,35.880651
TPP-609,CHEM-1180,651.2911708
TPP-609,CHEM-1710,42.723245600000006
TPP-611,CHEM-1050,1.1224099910399998
TPP-611,CHEM-1100,0.5237709984
TPP-611,CHEM-1170,202.03052005344
TPP-611,CHEM-1500,1.14482464512
TPP-611,CHEM-1680,18.224726399999998
TPP-611,SOL-SH,7.624032
TPP-613,CHEM-1050,0.6742293228
TPP-613,CHEM-1100,0.314628138
TPP-613,CHEM-1170,121.3593088158
TPP-613,CHEM-1500,0.6876937584
TPP-613,CHEM-1680,18.2460762
TPP-613,SOL-SH,4.57974
TPP-635,CHEM-1050,0.7108895142
TPP-635,CHEM-1100,0.34319945355
TPP-635,CHEM-1170,132.38166
TPP-635,CHEM-1190,0.039714497999999994
TPP-635,CHEM-1200,132.38166
TPP-635,CHEM-1620,0.048981214200000005
TPP-635,CHEM-1770,44.216182599999996
TPP-635,SOL-10H,11.031805
TPP-649,CHEM-1050,4.1519748816
TPP-649,CHEM-1100,2.0044683204
TPP-649,CHEM-1170,773.1796800000001
TPP-649,CHEM-1190,0.23195390400000002
TPP-649,CHEM-1200,773.1796800000001
TPP-649,CHEM-1410,31.561670400000004
TPP-649,CHEM-1620,0.28607648160000004
TPP-649,SOL-10H,64.43164
TPP-650,CHEM-1180,1854.7306775
TPP-650,CHEM-1410,20.751865
TPP-650,CHEM-1530,36.2112768
TPP-699,CHEM-1010,0.45714059958
TPP-699,CHEM-1020,2.3804325846000003
TPP-699,CHEM-1050,0.40555518108000005
TPP-699,CHEM-1090,761.7598115727599
TPP-699,CHEM-1410,38.202759
TPP-699,CHEM-1620,0.66648360702
TPP-699,SOL-20P,18.758334
TPP-700,CHEM-1010,0.389266394163
TPP-700,CHEM-1020,2.0269965293100003
TPP-700,CHEM-1050,0.345340149438
TPP-700,CHEM-1090,648.657098804286
TPP-700,CHEM-1410,35.4877485
TPP-700,CHEM-1620,0.567527081847
TPP-700,SOL-20P,15.9731799
TPP-701,CHEM-1010,0.289077088657
TPP-701,CHEM-1020,1.5052885740900002
TPP-701,CHEM-1050,0.256456571882
TPP-701,CHEM-1090,481.70586639575396
TPP-701,CHEM-1410,36.236944099999995
TPP-701,CHEM-1620,0.42145707673300004
TPP-701,SOL-20P,11.8620061
TPP-704,CHEM-1180,1083.9644271
TPP-704,CHEM-1410,58.832946
TPP-704,CHEM-1490,64.4037444
TPP-825,CHEM-1010,0.17015994260999998
TPP-825,CHEM-1020,0.8860605957000001
TPP-825,CHEM-1050,0.15095847186
TPP-825,CHEM-1090,283.54735050641995
TPP-825,CHEM-1410,29.6252754
TPP-825,CHEM-1620,0.24808300209
TPP-825,SOL-20P,6.982353
TPP-911,CHEM-1180,1133.6956295
TPP-911,CHEM-1730,51.793294
TPP-912,CHEM-1180,342.5829596
TPP-912,CHEM-1730,52.1702223
TPP-914,CHEM-1050,0.9451800626379999
TPP-914,CHEM-1100,0.44106690873
TPP-914,CHEM-1170,170.129650594043
TPP-914,CHEM-1500,0.964055415064
TPP-914,CHEM-1680,26.309129000000002
TPP-914,SOL-SH,6.4201879
TPP-915,CHEM-1050,0.7005014679
TPP-915,CHEM-1100,0.3268879965
TPP-915,CHEM-1170,126.08821819815
TPP-915,CHEM-1500,0.7144905612
TPP-915,CHEM-1680,26.004030000000004
TPP-915,SOL-SH,4.758195000000001
TPP-916,CHEM-1050,0.43053925147399996
TPP-916,CHEM-1100,0.20091051879
TPP-916,CHEM-1170,77.495807746789
TPP-916,CHEM-1500,0.43913716887199994
TPP-916,CHEM-1680,26.631334400000004
TPP-916,SOL-SH,2.9244617
TPP-917,CHEM-1050,0.28708412325599997
TPP-917,CHEM-1100,0.13396739076
TPP-917,CHEM-1170,51.674303671116
TPP-917,CHEM-1500,0.292817225568
TPP-917,CHEM-1680,26.6374443
TPP-917,SOL-SH,1.9500348
TPP-919,CHEM-1050,0.872878686496
TPP-919,CHEM-1100,0.40732757616000004
TPP-919,CHEM-1170,157.115614066256
TPP-919,CHEM-1500,0.8903101722879999
TPP-919,CHEM-1680,17.817401600000004
TPP-919,SOL-SH,5.929076800000001
TPP-920,CHEM-1050,0.6792112476
TPP-920,CHEM-1100,0.31695294599999996
TPP-920,CHEM-1170,122.2560407286
TPP-920,CHEM-1500,0.6927751728
TPP-920,CHEM-1680,18.482297499999998
TPP-920,SOL-SH,4.61358
TPP-922,CHEM-1050,0.40041447674999997
TPP-922,CHEM-1100,0.18685283625
TPP-922,CHEM-1170,72.073436284875
TPP-922,CHEM-1500,0.408410799
TPP-922,CHEM-1680,18.1628537
TPP-922,SOL-SH,2.7198375
TPP-923,CHEM-1050,0.267005376336
TPP-923,CHEM-1100,0.12459767256000001
TPP-923,CHEM-1170,48.060187871496
TPP-923,CHEM-1500,0.272337503808
TPP-923,CHEM-1680,18.1668804
TPP-923,SOL-SH,1.8136488000000002
TPP-968,CHEM-1050,2.8676485254959996
TPP-968,CHEM-1100,1.3844280823739998
TPP-968,CHEM-1170,534.0127607999999
TPP-968,CHEM-1190,0.16020382823999998
TPP-968,CHEM-1200,534.0127607999999
TPP-968,CHEM-1520,22.2011838
TPP-968,CHEM-1620,0.197584721496
TPP-968,SOL-10H,44.5010634
TPP-970,CHEM-1180,1202.9313425
TPP-970,CHEM-1490,24.219552200000003
TPP-970,CHEM-1520,13.504334900000002
TSP-049,CHEM-1010,0.5394137926899999
TSP-049,CHEM-1020,2.8088473653
TSP-049,CHEM-1050,0.47854436593999994
TSP-049,CHEM-1090,898.8563900401799
TSP-049,CHEM-1120,6.329365999999999
TSP-049,CHEM-1220,108.728917
TSP-049,CHEM-1250,4.557205
TSP-049,CHEM-1260,1.796753
TSP-049,CHEM-1410,36.061094
TSP-049,CHEM-1420,0.3074
TSP-049,CHEM-1440,0.48415499999999995
TSP-049,CHEM-1620,0.78643299361
TSP-049,SOL-20P,22.134337
TSP-050,CHEM-1050,1.8108084813209995
TSP-050,CHEM-1100,0.8742124744552497
TSP-050,CHEM-1170,337.20828329999995
TSP-050,CHEM-1190,0.10116248498999998
TSP-050,CHEM-1200,337.20828329999995
TSP-050,CHEM-1400,7.816630514999999
TSP-050,CHEM-1410,28.185951534999997
TSP-050,CHEM-1420,2.2401381049999998
TSP-050,CHEM-1430,68.3308098
TSP-050,CHEM-1620,0.12476706482099999
TSP-050,SOL-10H,28.100690274999998
TSP-067,CHEM-1010,0.9063842468800001
TSP-067,CHEM-1020,4.719743985600001
TSP-067,CHEM-1050,0.8041045308800001
TSP-067,CHEM-1090,1510.36047498336
TSP-067,CHEM-1120,4.253564
TSP-067,CHEM-1220,30.45049
TSP-067,CHEM-1250,10.211824
TSP-067,CHEM-1260,3.02001
TSP-067,CHEM-1410,57.565172
TSP-067,CHEM-1420,0.502824
TSP-067,CHEM-1440,0.502824
TSP-067,CHEM-1620,1.3214539307200002
TSP-067,SOL-20P,37.192624
TSP-069,CHEM-1010,0.6251084874726299
TSP-069,CHEM-1020,3.2550786647631003
TSP-069,CHEM-1050,0.55456895770038
TSP-069,CHEM-1090,1041.6544145656248
TSP-069,CHEM-1120,4.400846457
TSP-069,CHEM-1220,31.501349418
TSP-069,CHEM-1250,10.563925239
TSP-069,CHEM-1260,3.749609556
TSP-069,CHEM-1410,59.552931795000006
TSP-069,CHEM-1420,0.5260395
TSP-069,CHEM-1440,0.3156237
TSP-069,CHEM-1620,0.9113707246574698
TSP-069,SOL-20P,25.650738098999998
TSP-078,CHEM-1050,3.5888504759999997
TSP-078,CHEM-1100,1.732606119
TSP-078,CHEM-1170,668.3148000000001
TSP-078,CHEM-1190,0.20049444000000002
TSP-078,CHEM-1200,668.3148000000001
TSP-078,CHEM-1400,11.618775000000001
TSP-078,CHEM-1410,41.895225
TSP-078,CHEM-1420,3.00645
TSP-078,CHEM-1430,16.92765
TSP-078,CHEM-1620,0.24727647600000005
TSP-078,SOL-10H,55.6929
TSP-080,CHEM-1050,2.1413017949400004
TSP-080,CHEM-1100,1.0337662762350002
TSP-080,CHEM-1170,398.75266200000004
TSP-080,CHEM-1190,0.11962579860000001
TSP-080,CHEM-1200,398.75266200000004
TSP-080,CHEM-1400,13.864347
TSP-080,CHEM-1410,49.994364000000004
TSP-080,CHEM-1420,3.7662485
TSP-080,CHEM-1430,20.200204499999998
TSP-080,CHEM-1620,0.14753848494000002
TSP-080,SOL-10H,33.229388500000006
TSP-104,CHEM-1110,23.482534838334
TSP-104,CHEM-1120,3.4910532800000005
TSP-104,CHEM-1180,2478.6820131560917
TSP-104,CHEM-1220,45.06689521877401
TSP-104,CHEM-1250,10.05518228
TSP-104,CHEM-1260,2.08252616
TSP-104,CHEM-1420,0.24784188000000004
TSP-104,CHEM-1440,0.8179600000000001
TSP-104,TPP-103,69.40308804
TSP-105,CHEM-1050,1.8678114431999997
TSP-105,CHEM-1100,0.9017320607999999
TSP-105,CHEM-1170,347.82336
TSP-105,CHEM-1190,0.10434700799999999
TSP-105,CHEM-1200,347.82336
TSP-105,CHEM-1400,3.62784
TSP-105,CHEM-1410,23.5488
TSP-105,CHEM-1420,1.60032
TSP-105,CHEM-1430,70.48128
TSP-105,CHEM-1620,0.12869464320000001
TSP-105,SOL-10H,28.985279999999996
TSP-1388,CHEM-1180,970.5880799999999
TSP-1388,CHEM-1260,0.23331000000000002
TSP-1388,CHEM-1410,24.34047
TSP-1388,CHEM-1420,0.34650000000000003
TSP-1388,CHEM-1440,1.5014999999999998
TSP-1388,CHEM-1510,0.3782642556
TSP-1388,CHEM-1570,0.01261722
TSP-1388,CHEM-1600,12.887859369
TSP-1388,CHEM-1650,0.11896500000000002
TSP-1388,CHEM-1700,1.7325
TSP-1388,CHEM-1750,6.64818
TSP-1388,CHEM-1790,73.925775
TSP-1388,TSZ-616,12.61722
TSP-1444,CHEM-1030,0.03487837611403661
TSP-1444,CHEM-1050,1.479253481071788
TSP-1444,CHEM-1100,0.36930045297215236
TSP-1444,CHEM-1170,205.1669183178624
TSP-1444,CHEM-1260,3.891142512
TSP-1444,CHEM-1420,0.38795040000000003
TSP-1444,CHEM-1440,2.070361968
TSP-1444,CHEM-1520,30.915767376
TSP-1444,CHEM-1540,51.76551504
TSP-1444,CHEM-1670,5.1649129920000005
TSP-1444,CHEM-1720,19.829438112000002
TSP-1444,CHEM-1750,2.423396832
TSP-1444,CHEM-1800,26.629382781051838
TSP-1444,CHEM-1810,6.5489280327061685
TSP-1444,SOL-SCH,20.516691831786243
TSP-1444,TPP-1367,26.381920368
TSP-1445,CHEM-1030,0.0311336209262925
TSP-1445,CHEM-1050,1.3204318051680526
TSP-1445,CHEM-1100,0.32965010392544997
TSP-1445,CHEM-1170,183.13894662525001
TSP-1445,CHEM-1260,4.0296375
TSP-1445,CHEM-1420,0.4685625
TSP-1445,CHEM-1440,2.1460162499999997
TSP-1445,CHEM-1520,32.01219
TSP-1445,CHEM-1540,53.60221125
TSP-1445,CHEM-1670,5.346967500000001
TSP-1445,CHEM-1720,20.532408750000002
TSP-1445,CHEM-1750,2.5088175
TSP-1445,CHEM-1800,27.573443900887504
TSP-1445,CHEM-1810,5.84579517627798
TSP-1445,SOL-SCH,18.313894662524998
TSP-1445,TPP-1368,27.28774125
TSP-1446,CHEM-1030,0.018257523345585
TSP-1446,CHEM-1050,0.774333784245105
TSP-1446,CHEM-1100,0.19331495307089996
TSP-1446,CHEM-1170,107.3971961505
TSP-1446,CHEM-1260,4.544355
TSP-1446,CHEM-1420,0.5280625
TSP-1446,CHEM-1440,2.420035
TSP-1446,CHEM-1520,36.101369999999996
TSP-1446,CHEM-1540,60.448068750000004
TSP-1446,CHEM-1670,6.03047375
TSP-1446,CHEM-1720,23.15478625
TSP-1446,CHEM-1750,2.8289062499999997
TSP-1446,CHEM-1800,31.0955557105125
TSP-1446,CHEM-1810,3.4281185011239597
TSP-1446,SOL-SCH,10.73971961505
TSP-1446,TPP-1369,30.674396249999997
TSP-1448,CHEM-1030,0.019437427928778856
TSP-1448,CHEM-1050,0.8243756198029151
TSP-1448,CHEM-1100,0.20580806042236438
TSP-1448,CHEM-1170,114.337811345758
TSP-1448,CHEM-1240,18.148838343999998
TSP-1448,CHEM-1260,1.429454117
TSP-1448,CHEM-1260,1.4724593039592802
TSP-1448,CHEM-1420,1.1339873999999999
TSP-1448,CHEM-1440,1.638611793
TSP-1448,CHEM-1520,19.36587928357264
TSP-1448,CHEM-1540,14.524488615
TSP-1448,CHEM-1570,0.00343008508752
TSP-1448,CHEM-1570,0.0629993
TSP-1448,CHEM-1700,1.259356007
TSP-1448,CHEM-1720,8.583654625000001
TSP-1448,CHEM-1800,19.385973804897702
TSP-1448,CHEM-1810,3.6496629381565953
TSP-1448,SOL-SCH,11.4337811345758
TSP-1448,TPP-1378,19.17068699
TSP-1448,TSZ-938,19.056028264000002
TSP-1449,CHEM-1030,0.009958929012899999
TSP-1449,CHEM-1050,0.42237575401769994
TSP-1449,CHEM-1100,0.10544748366599997
TSP-1449,CHEM-1170,58.58193536999999
TSP-1449,CHEM-1240,18.597929999999998
TSP-1449,CHEM-1260,1.464795
TSP-1449,CHEM-1260,1.50888026625
TSP-1449,CHEM-1420,1.23066
TSP-1449,CHEM-1440,1.67958
TSP-1449,CHEM-1520,19.8448901175
TSP-1449,CHEM-1540,14.88402
TSP-1449,CHEM-1570,0.0035149275000000003
TSP-1449,CHEM-1570,0.129
TSP-1449,CHEM-1700,1.29
TSP-1449,CHEM-1720,8.79651
TSP-1449,CHEM-1800,19.8651714975
TSP-1449,CHEM-1810,1.8699353770104
TSP-1449,SOL-SCH,5.858193536999999
TSP-1449,TPP-1379,19.58607
TSP-1449,TSZ-938,19.527375000000003
TSP-1499,CHEM-1030,0.014774267
TSP-1499,CHEM-1050,0.618186435
TSP-1499,CHEM-1100,0.153963414
TSP-1499,CHEM-1170,85.70707805299999
TSP-1499,CHEM-1260,1.8747767229999999
TSP-1499,CHEM-1400,0.695168142
TSP-1499,CHEM-1410,21.493448113
TSP-1499,CHEM-1420,0.203729366
TSP-1499,CHEM-1530,19.034699047
TSP-1499,CHEM-1670,0.803253569
TSP-1499,CHEM-1700,0.78536893
TSP-1499,CHEM-1720,4.825742158
TSP-1499,CHEM-1780,0.203729366
TSP-1499,CHEM-1810,2.735572174
TSP-1499,CHEM-1820,32.630135059
TSP-1555,CHEM-1030,0.017009999999999997
TSP-1555,CHEM-1050,0.72414
TSP-1555,CHEM-1100,0.181035
TSP-1555,CHEM-1170,100.471995
TSP-1555,CHEM-1260,2.93058
TSP-1555,CHEM-1400,1.08621
TSP-1555,CHEM-1410,33.593535
TSP-1555,CHEM-1420,0.31833
TSP-1555,CHEM-1530,29.749275
TSP-1555,CHEM-1670,1.25631
TSP-1555,CHEM-1700,1.22715
TSP-1555,CHEM-1720,7.54272
TSP-1555,CHEM-1780,0.31833
TSP-1555,CHEM-1810,3.2076
TSP-1555,CHEM-1820,50.999625
TSP-1558,CHEM-1240,11.1754164
TSP-1558,CHEM-1260,0.5613676
TSP-1558,CHEM-1420,0.31426
TSP-1558,CHEM-1440,0.4962
TSP-1558,CHEM-1830,13.4665372
TSP-1558,CHEM-1840,1.989762
TSP-1558,CHEM-1850,18.6419032
TSP-1559,CHEM-1240,11.223958
TSP-1559,CHEM-1260,0.5635128
TSP-1559,CHEM-1420,0.3125115
TSP-1559,CHEM-1440,0.4970421
TSP-1559,CHEM-1830,13.5252993
TSP-1559,CHEM-1840,1.9984201
TSP-1559,CHEM-1860,18.5691357
TSP-199,CHEM-1180,712.9175104302308
TSP-199,CHEM-1250,5.3558513115
TSP-199,CHEM-1260,0.6338143695
TSP-199,CHEM-1400,3.6726065925
TSP-199,CHEM-1410,18.539042197848044
TSP-199,CHEM-1420,0.40122927300000005
TSP-199,CHEM-1440,0.6338143695
TSP-199,CHEM-1460,53.8861343442092
TSP-199,TPP-190,72.0046692735
TSP-205,CHEM-1180,771.9671547025006
TSP-205,CHEM-1220,13.645939606012561
TSP-205,CHEM-1250,7.829196004000001
TSP-205,CHEM-1260,0.501900042
TSP-205,CHEM-1400,5.368607426
TSP-205,CHEM-1410,29.810120936686864
TSP-205,CHEM-1420,0.46299306200000007
TSP-205,CHEM-1440,0.331820958
TSP-205,TPP-204,44.002126938
TSP-206,CHEM-1050,1.3271975844192
TSP-206,CHEM-1100,0.6407373813048
TSP-206,CHEM-1170,247.15038816000003
TSP-206,CHEM-1190,0.07414511644800001
TSP-206,CHEM-1200,247.15038816000003
TSP-206,CHEM-1400,4.583592
TSP-206,CHEM-1410,28.92091176
TSP-206,CHEM-1420,0.6176196
TSP-206,CHEM-1440,1.5654132
TSP-206,CHEM-1480,45.90816984
TSP-206,CHEM-1620,0.0914456436192
TSP-206,SOL-10H,20.595865680000003
TSP-224,CHEM-1010,0.5395517999999999
TSP-224,CHEM-1020,2.809566
TSP-224,CHEM-1050,0.47866679999999995
TSP-224,CHEM-1090,899.0863595999999
TSP-224,CHEM-1240,56.283120000000004
TSP-224,CHEM-1260,1.10808
TSP-224,CHEM-1420,0.97524
TSP-224,CHEM-1440,0.864
TSP-224,CHEM-1460,75.37859999999999
TSP-224,CHEM-1470,27.608040000000003
TSP-224,CHEM-1620,0.7866342
TSP-224,SOL-20P,22.139999999999997
TSP-225,CHEM-1050,1.1280811239359998
TSP-225,CHEM-1100,0.5446089969839999
TSP-225,CHEM-1170,210.07097279999996
TSP-225,CHEM-1190,0.06302129184
TSP-225,CHEM-1200,210.07097279999996
TSP-225,CHEM-1400,5.8437288
TSP-225,CHEM-1420,1.6805879999999997
TSP-225,CHEM-1430,14.1893856
TSP-225,CHEM-1450,0.7842744
TSP-225,CHEM-1470,66.4881048
TSP-225,CHEM-1620,0.07772625993599999
TSP-225,SOL-10H,17.505914399999998
TSP-360,CHEM-1180,904.4796080102875
TSP-360,CHEM-1260,1.35713214
TSP-360,CHEM-1400,2.9338533
TSP-360,CHEM-1410,7.560821939999999
TSP-360,CHEM-1420,0.18119094
TSP-360,CHEM-1490,53.739654210933594
TSP-360,CHEM-1510,9.045147720000001
TSP-360,CHEM-1520,49.7893564077
TSP-360,CHEM-1560,3.7714114199999997
TSP-360,CHEM-1580,16.79436024
TSP-360,TPP-350,102.65846682
TSP-367,CHEM-1180,2111.9229262803674
TSP-367,CHEM-1220,46.5068814393456
TSP-367,CHEM-1260,1.10199432
TSP-367,CHEM-1400,3.57342888
TSP-367,CHEM-1410,41.4491441698152
TSP-367,CHEM-1420,0.8814002400000001
TSP-367,CHEM-1440,1.0102428
TSP-367,CHEM-1510,4.86673488
TSP-367,CHEM-1580,24.55134024
TSP-367,TPP-356,89.34353064
TSP-369,CHEM-1050,1.6424138860217654
TSP-369,CHEM-1100,0.766430063644174
TSP-369,CHEM-1170,295.629702323403
TSP-369,CHEM-1260,0.9166577519999999
TSP-369,CHEM-1400,3.835803552
TSP-369,CHEM-1420,0.739210464
TSP-369,CHEM-1440,1.380043416
TSP-369,CHEM-1500,1.6752130765183284
TSP-369,CHEM-1520,25.036617095999997
TSP-369,CHEM-1540,65.09481140845416
TSP-369,SOL-SH,11.156187243728878
TSP-369,TPP-358,64.349006424
TSP-402,CHEM-1050,2.580744672
TSP-402,CHEM-1100,1.2459181679999998
TSP-402,CHEM-1170,480.58559999999994
TSP-402,CHEM-1190,0.14417568
TSP-402,CHEM-1200,480.58559999999994
TSP-402,CHEM-1260,0.7689
TSP-402,CHEM-1400,7.12965
TSP-402,CHEM-1420,1.1145749999999999
TSP-402,CHEM-1520,39.635475
TSP-402,CHEM-1530,39.032399999999996
TSP-402,CHEM-1550,6.343425
TSP-402,CHEM-1620,0.177816672
TSP-402,CHEM-1650,0.033825
TSP-402,SOL-10H,40.0488
TSP-403,CHEM-1050,2.1355577099999996
TSP-403,CHEM-1100,1.0309931775
TSP-403,CHEM-1170,397.683
TSP-403,CHEM-1190,0.11930489999999999
TSP-403,CHEM-1200,397.683
TSP-403,CHEM-1260,0.9363750000000001
TSP-403,CHEM-1400,7.137075
TSP-403,CHEM-1420,1.116225
TSP-403,CHEM-1520,39.6759
TSP-403,CHEM-1530,39.071175000000004
TSP-403,CHEM-1550,6.3492
TSP-403,CHEM-1620,0.14714271
TSP-403,CHEM-1650,0.033825
TSP-403,SOL-10H,33.14025
TSP-404,CHEM-1050,1.5029054441999998
TSP-404,CHEM-1100,0.72556468605
TSP-404,CHEM-1170,279.87066
TSP-404,CHEM-1190,0.08396119799999999
TSP-404,CHEM-1200,279.87066
TSP-404,CHEM-1260,1.071765
TSP-404,CHEM-1400,6.625665000000001
TSP-404,CHEM-1420,1.03581
TSP-404,CHEM-1520,36.833220000000004
TSP-404,CHEM-1530,36.272475
TSP-404,CHEM-1550,4.28706
TSP-404,CHEM-1620,0.10355214419999999
TSP-404,CHEM-1650,0.031365
TSP-404,SOL-10H,23.322554999999998
TSP-405,CHEM-1050,1.1840550354
TSP-405,CHEM-1100,0.5716317838499999
TSP-405,CHEM-1170,220.49442
TSP-405,CHEM-1190,0.066148326
TSP-405,CHEM-1200,220.49442
TSP-405,CHEM-1260,1.19187
TSP-405,CHEM-1400,6.6310199999999995
TSP-405,CHEM-1420,1.036575
TSP-405,CHEM-1520,36.86229
TSP-405,CHEM-1530,36.30078
TSP-405,CHEM-1550,4.29012
TSP-405,CHEM-1620,0.0815829354
TSP-405,CHEM-1650,0.031365
TSP-405,SOL-10H,18.374534999999998
TSP-544,CHEM-1180,829.5662066999153
TSP-544,CHEM-1260,1.4808003600000001
TSP-544,CHEM-1400,1.28105211
TSP-544,CHEM-1410,9.906181545
TSP-544,CHEM-1420,0.37552671000000004
TSP-544,CHEM-1440,0.33557706000000004
TSP-544,CHEM-1490,50.29417730852386
TSP-544,CHEM-1510,9.87555348
TSP-544,CHEM-1520,65.2361114310048
TSP-544,CHEM-1560,4.94044005
TSP-544,CHEM-1580,13.203359325000001
TSP-544,TPP-527,114.401149395
TSP-558,CHEM-1050,1.9762289667772899
TSP-558,CHEM-1100,0.9222043881103099
TSP-558,CHEM-1170,355.7154418527086
TSP-558,CHEM-1180,355.7272572427274
TSP-558,CHEM-1260,1.0668773016
TSP-558,CHEM-1400,1.1544038207999998
TSP-558,CHEM-1420,0.8539749576
TSP-558,CHEM-1450,0.4352670144
TSP-558,CHEM-1490,36.232048771529755
TSP-558,CHEM-1500,2.015694482076334
TSP-558,CHEM-1520,22.5948526524
TSP-558,CHEM-1540,58.745893797084406
TSP-558,CHEM-1570,0.023655816
TSP-558,CHEM-1670,5.5141707096
TSP-558,SOL-SH,13.423644659538718
TSP-558,TPP-533,58.161372008399994
TSP-558,TPP-537,35.9284533408
TSP-618,CHEM-1180,667.3776218258846
TSP-618,CHEM-1260,0.953122698
TSP-618,CHEM-1400,1.237217256
TSP-618,CHEM-1410,9.563223978
TSP-618,CHEM-1420,0.676784988
TSP-618,CHEM-1440,1.335147462
TSP-618,CHEM-1510,0.14290216121808
TSP-618,CHEM-1520,29.066848668
TSP-618,CHEM-1570,0.004766583096
TSP-618,CHEM-1600,4.868826303409199
TSP-618,CHEM-1690,9.543831858
TSP-618,CHEM-1710,43.77848084473248
TSP-618,TPP-609,43.570215216
TSP-618,TSZ-616,4.766583096000001
TSP-620,CHEM-1050,1.11920283631728
TSP-620,CHEM-1100,0.5222743842888
TSP-620,CHEM-1170,201.45324157080407
TSP-620,CHEM-1260,0.70518
TSP-620,CHEM-1400,1.04535
TSP-620,CHEM-1420,0.70518
TSP-620,CHEM-1440,1.05777
TSP-620,CHEM-1500,1.1415534431558398
TSP-620,CHEM-1520,14.331299999999999
TSP-620,CHEM-1540,36.85221
TSP-620,CHEM-1570,0.069
TSP-620,CHEM-1650,0.027600000000000003
TSP-620,CHEM-1680,18.172651384799998
TSP-620,CHEM-1700,1.71258
TSP-620,SOL-SH,7.602247224
TSP-620,TPP-611,17.82891
TSP-623,CHEM-1050,0.6723212765177998
TSP-623,CHEM-1100,0.313737750963
TSP-623,CHEM-1170,121.01586605802328
TSP-623,CHEM-1260,0.70587
TSP-623,CHEM-1400,1.04673
TSP-623,CHEM-1420,0.70587
TSP-623,CHEM-1440,1.05915
TSP-623,CHEM-1500,0.6857476082183999
TSP-623,CHEM-1520,14.34855
TSP-623,CHEM-1540,36.89568
TSP-623,CHEM-1570,0.069
TSP-623,CHEM-1650,0.027600000000000003
TSP-623,CHEM-1680,18.1944404187
TSP-623,CHEM-1700,1.71465
TSP-623,SOL-SH,4.56677949
TSP-623,TPP-613,17.769569999999998
TSP-655,CHEM-1050,4.145927782600296
TSP-655,CHEM-1100,2.001548934151074
TSP-655,CHEM-1170,772.0535908008
TSP-655,CHEM-1190,0.23161607724023997
TSP-655,CHEM-1200,772.0535908008
TSP-655,CHEM-1260,2.1545832
TSP-655,CHEM-1400,4.6592568000000005
TSP-655,CHEM-1410,31.515702745824004
TSP-655,CHEM-1420,2.6938163999999998
TSP-655,CHEM-1530,82.9397052
TSP-655,CHEM-1570,0.9727343999999999
TSP-655,CHEM-1620,0.285659828596296
TSP-655,CHEM-1650,0.046992000000000006
TSP-655,CHEM-1660,11.6704632
TSP-655,SOL-10H,64.3377992334
TSP-655,TPP-649,32.1930444
TSP-656,CHEM-1180,1853.133079215
TSP-656,CHEM-1250,5.78292
TSP-656,CHEM-1260,1.1391600000000002
TSP-656,CHEM-1400,2.77398
TSP-656,CHEM-1410,20.733990090000002
TSP-656,CHEM-1420,1.85196
TSP-656,CHEM-1530,36.1800857088
TSP-656,CHEM-1570,0.46068
TSP-656,CHEM-1660,6.55182
TSP-656,TPP-650,58.15986
TSP-668,CHEM-1010,0.45655922052060544
TSP-668,CHEM-1020,2.377405214774922
TSP-668,CHEM-1050,0.4050394069616533
TSP-668,CHEM-1090,760.7910260325046
TSP-668,CHEM-1240,24.15183064
TSP-668,CHEM-1250,19.28953598
TSP-668,CHEM-1260,1.24249016
TSP-668,CHEM-1410,38.15417376361079
TSP-668,CHEM-1420,1.1162610800000001
TSP-668,CHEM-1440,1.90209898
TSP-668,CHEM-1490,64.69240350000001
TSP-668,CHEM-1620,0.6656359911816624
TSP-668,SOL-20P,18.7344776578008
TSP-668,TPP-699,38.80059162
TSP-669,CHEM-1010,0.3887611257351394
TSP-669,CHEM-1020,2.0243654844394414
TSP-669,CHEM-1050,0.3448918973489418
TSP-669,CHEM-1090,647.8151408098431
TSP-669,CHEM-1240,22.435374
TSP-669,CHEM-1250,17.918655
TSP-669,CHEM-1260,1.1547450000000001
TSP-669,CHEM-1410,35.44168534335
TSP-669,CHEM-1420,1.1547450000000001
TSP-669,CHEM-1440,1.41327
TSP-669,CHEM-1490,60.09499800000001
TSP-669,CHEM-1620,0.5667904307496717
TSP-669,SOL-20P,15.952446685890003
TSP-669,TPP-700,35.983233000000006
TSP-670,CHEM-1010,0.2887206418409346
TSP-670,CHEM-1020,1.5034324763896023
TSP-670,CHEM-1050,0.25614034782933964
TSP-670,CHEM-1090,481.111898457463
TSP-670,CHEM-1240,22.909854000000003
TSP-670,CHEM-1250,18.2976585
TSP-670,CHEM-1260,1.166814
TSP-670,CHEM-1410,36.19226209698
TSP-670,CHEM-1420,1.166814
TSP-670,CHEM-1440,1.443288
TSP-670,CHEM-1490,61.365513
TSP-670,CHEM-1620,0.4209373986298075
TSP-670,SOL-20P,11.847379640580002
TSP-670,TPP-701,36.564858
TSP-710,CHEM-1180,1083.5393441988135
TSP-710,CHEM-1260,1.6258034520000002
TSP-710,CHEM-1400,3.51466794
TSP-710,CHEM-1410,9.057637092
TSP-710,CHEM-1410,58.8098743209432
TSP-710,CHEM-1420,0.333498144
TSP-710,CHEM-1440,0.36081049200000004
TSP-710,CHEM-1490,64.37848810022447
TSP-710,CHEM-1510,4.33403838
TSP-710,CHEM-1560,4.518037356
TSP-710,CHEM-1580,20.119138032000002
TSP-710,TPP-704,122.981753076
TSP-828,CHEM-1010,0.16986732913605418
TSP-828,CHEM-1020,0.8845368923826541
TSP-828,CHEM-1050,0.1506988779614892
TSP-828,CHEM-1090,283.05975175675434
TSP-828,CHEM-1260,1.2973788
TSP-828,CHEM-1400,3.0606426
TSP-828,CHEM-1410,5.9154084
TSP-828,CHEM-1410,29.574330655787996
TSP-828,CHEM-1420,0.8847377999999999
TSP-828,CHEM-1440,0.6957215999999999
TSP-828,CHEM-1490,48.13967519999999
TSP-828,CHEM-1570,0.0239598
TSP-828,CHEM-1600,3.6143802
TSP-828,CHEM-1620,0.24765638917537977
TSP-828,SOL-20P,6.970345881659999
TSP-828,TPP-825,29.768720399999996
TSP-903,CHEM-1050,0.7028550499853551
TSP-903,CHEM-1100,0.33932061770708255
TSP-903,CHEM-1170,130.88548416859499
TSP-903,CHEM-1190,0.0392656452505785
TSP-903,CHEM-1200,130.88548416859499
TSP-903,CHEM-1400,3.3959075149999998
TSP-903,CHEM-1420,0.540933055
TSP-903,CHEM-1440,0.5238320099999999
TSP-903,CHEM-1520,22.169254705
TSP-903,CHEM-1530,13.287511965
TSP-903,CHEM-1570,0.0180011
TSP-903,CHEM-1620,0.048427629142380156
TSP-903,CHEM-1650,0.0360022
TSP-903,CHEM-1670,3.0016834249999995
TSP-903,CHEM-1690,8.734133719999999
TSP-903,CHEM-1770,43.71645186869545
TSP-903,CHEM-1780,0.051303135
TSP-903,SOL-10H,10.90712368071625
TSP-903,TPP-635,43.759774045
TSP-924,CHEM-1180,1132.626312597473
TSP-924,CHEM-1260,4.9826485965
TSP-924,CHEM-1410,38.629123737
TSP-924,CHEM-1420,0.8602255875
TSP-924,CHEM-1440,1.811468592
TSP-924,CHEM-1510,0.4414174899319499
TSP-924,CHEM-1570,0.014723732152499999
TSP-924,CHEM-1600,15.039556207171122
TSP-924,CHEM-1730,51.74444187137694
TSP-924,CHEM-1750,7.757569846499999
TSP-924,TPP-911,52.1008114215
TSP-924,TSZ-616,14.723732152499998
TSP-925,CHEM-1180,342.24130161439086
TSP-925,CHEM-1260,5.019433566
TSP-925,CHEM-1410,38.907825156
TSP-925,CHEM-1420,0.866912343
TSP-925,CHEM-1440,1.824844932
TSP-925,CHEM-1510,0.44462588748834
TSP-925,CHEM-1570,0.014830750083000001
TSP-925,CHEM-1600,15.14886967228035
TSP-925,CHEM-1730,52.11819293730021
TSP-925,CHEM-1750,7.813311116999999
TSP-925,TPP-912,51.678409671
TSP-925,TSZ-616,14.830750083
TSP-927,CHEM-1050,0.943208944621035
TSP-927,CHEM-1100,0.440147089359225
TSP-927,CHEM-1170,169.77485510822842
TSP-927,CHEM-1260,5.263199999999999
TSP-927,CHEM-1420,0.3825
TSP-927,CHEM-1440,1.4433
TSP-927,CHEM-1500,0.9620449335979799
TSP-927,CHEM-1540,64.69987499999999
TSP-927,CHEM-1680,26.254262842499998
TSP-927,CHEM-1720,6.7983
TSP-927,CHEM-1740,29.769975
TSP-927,CHEM-1750,2.3256
TSP-927,SOL-SH,6.40679897175
TSP-927,TPP-914,25.636425
TSP-928,CHEM-1050,0.6991341465117027
TSP-928,CHEM-1100,0.32624993795241114
TSP-928,CHEM-1170,125.84210434192715
TSP-928,CHEM-1260,5.202482194
TSP-928,CHEM-1420,0.3779958
TSP-928,CHEM-1440,1.426304152
TSP-928,CHEM-1500,0.7130959342494041
TSP-928,CHEM-1540,63.95940933199999
TSP-928,CHEM-1680,25.953272267104
TSP-928,CHEM-1720,6.719505338
TSP-928,CHEM-1740,29.400513324
TSP-928,CHEM-1750,2.2654548279999998
TSP-928,SOL-SH,4.748907393776
TSP-928,TPP-915,25.30051888
TSP-929,CHEM-1050,0.429740319509088
TSP-929,CHEM-1100,0.20053769834448
TSP-929,CHEM-1170,77.35200232662437
TSP-929,CHEM-1260,5.32899
TSP-929,CHEM-1420,0.387
TSP-929,CHEM-1440,1.46157
TSP-929,CHEM-1500,0.438322282145664
TSP-929,CHEM-1540,65.51007
TSP-929,CHEM-1680,26.5819158528
TSP-929,CHEM-1720,6.883439999999999
TSP-929,CHEM-1740,30.14214
TSP-929,CHEM-1750,2.35425
TSP-929,SOL-SH,2.9190349104
TSP-929,TPP-916,25.861919999999998
TSP-930,CHEM-1050,0.28654388615731197
TSP-930,CHEM-1100,0.13371528989952
TSP-930,CHEM-1170,51.577062571276024
TSP-930,CHEM-1260,5.33028
TSP-930,CHEM-1420,0.387
TSP-930,CHEM-1440,1.46157
TSP-930,CHEM-1500,0.2922661998735359
TSP-930,CHEM-1540,65.52297
TSP-930,CHEM-1680,26.5873177536
TSP-930,CHEM-1720,6.88473
TSP-930,CHEM-1740,30.14859
TSP-930,CHEM-1750,2.35554
TSP-930,SOL-SH,1.9463652096
TSP-930,TPP-917,25.84128
TSP-934,CHEM-1050,0.8704112025943799
TSP-934,CHEM-1100,0.40617612836729994
TSP-934,CHEM-1170,156.67147417098843
TSP-934,CHEM-1260,1.3316997699
TSP-934,CHEM-1260,1.56654
TSP-934,CHEM-1420,0.86913
TSP-934,CHEM-1440,1.64511
TSP-934,CHEM-1500,0.8877934124546399
TSP-934,CHEM-1520,17.514600856199998
TSP-934,CHEM-1540,39.80502
TSP-934,CHEM-1570,0.0031021866
TSP-934,CHEM-1570,0.07857
TSP-934,CHEM-1650,0.0324
TSP-934,CHEM-1680,17.767034748
TSP-934,CHEM-1700,1.7253
TSP-934,CHEM-1720,6.27345
TSP-934,CHEM-1750,1.2879
TSP-934,SOL-SH,5.912316279
TSP-934,TPP-919,17.3907
TSP-934,TSZ-938,17.23437
TSP-935,CHEM-1050,0.6774280678393272
TSP-935,CHEM-1100,0.316120827744612
TSP-935,CHEM-1170,121.93507357998821
TSP-935,CHEM-1260,1.3816504910188752
TSP-935,CHEM-1260,1.6253758125
TSP-935,CHEM-1420,0.8937467
TSP-935,CHEM-1440,1.7068546000000002
TSP-935,CHEM-1500,0.6909563827384415
TSP-935,CHEM-1520,18.17155594671725
TSP-935,CHEM-1540,41.298825425
TSP-935,CHEM-1570,0.0032185465042500003
TSP-935,CHEM-1570,0.08147878750000001
TSP-935,CHEM-1650,0.033599500000000004
TSP-935,CHEM-1680,18.433774659795
TSP-935,CHEM-1700,1.789173375
TSP-935,CHEM-1720,6.508223149999999
TSP-935,CHEM-1750,1.3364201125000001
TSP-935,SOL-SH,4.60146765276
TSP-935,TPP-920,18.0026121
TSP-935,TSZ-938,17.8808139125
TSP-936,CHEM-1050,0.39936081400874995
TSP-936,CHEM-1100,0.18636114605624998
TSP-936,CHEM-1170,71.88378006898688
TSP-936,CHEM-1260,1.35776332725
TSP-936,CHEM-1260,1.5972
TSP-936,CHEM-1420,0.886875
TSP-936,CHEM-1440,1.677225
TSP-936,CHEM-1500,0.40733609449499997
TSP-936,CHEM-1520,17.8573904355
TSP-936,CHEM-1540,40.585875
TSP-936,CHEM-1570,0.0031629015000000003
TSP-936,CHEM-1570,0.080025
TSP-936,CHEM-1650,0.033
TSP-936,CHEM-1680,18.1150594185
TSP-936,CHEM-1700,1.75725
TSP-936,CHEM-1720,6.396225
TSP-936,CHEM-1750,1.312575
TSP-936,SOL-SH,2.7126804375
TSP-936,TPP-922,17.643449999999998
TSP-936,TSZ-938,17.571675000000003
TSP-937,CHEM-1050,0.26632992979824
TSP-937,CHEM-1100,0.12428247641039998
TSP-937,CHEM-1170,47.93860946754263
TSP-937,CHEM-1260,1.35814581375
TSP-937,CHEM-1260,1.5980249999999998
TSP-937,CHEM-1420,0.878625
TSP-937,CHEM-1440,1.67805
TSP-937,CHEM-1500,0.27164856852672
TSP-937,CHEM-1520,17.862420922499997
TSP-937,CHEM-1540,40.597425
TSP-937,CHEM-1570,0.0031637925
TSP-937,CHEM-1570,0.080025
TSP-937,CHEM-1650,0.033
TSP-937,CHEM-1680,18.120923435999998
TSP-937,CHEM-1700,1.75725
TSP-937,CHEM-1720,6.397874999999999
TSP-937,CHEM-1750,1.3134
TSP-937,SOL-SH,1.809060792
TSP-937,TPP-923,17.6253
TSP-937,TSZ-938,17.576625
TSP-959,CHEM-1050,2.8604100546258158
TSP-959,CHEM-1100,1.3809335319585527
TSP-959,CHEM-1170,532.664814641679
TSP-959,CHEM-1190,0.15979944439250368
TSP-959,CHEM-1200,532.664814641679
TSP-959,CHEM-1260,1.452420075
TSP-959,CHEM-1400,3.1407869749999997
TSP-959,CHEM-1420,0.46944437499999997
TSP-959,CHEM-1520,22.14514393988775
TSP-959,CHEM-1530,57.764518025
TSP-959,CHEM-1570,0.04082125
TSP-959,CHEM-1620,0.19708598141742123
TSP-959,CHEM-1650,0.032657
TSP-959,SOL-10H,44.38873455347325
TSP-959,TPP-968,22.323508775
TSP-966,CHEM-1180,1201.40496816
TSP-966,CHEM-1250,3.5419199999999997
TSP-966,CHEM-1260,0.8111999999999999
TSP-966,CHEM-1400,1.81248
TSP-966,CHEM-1420,0.54768
TSP-966,CHEM-1490,24.1888205184
TSP-966,CHEM-1520,13.4871995328
TSP-966,CHEM-1570,0.024
TSP-966,CHEM-1690,4.89456
TSP-966,TPP-970,38.22144
TSZ-616,CHEM-1510,1.1992
TSZ-616,CHEM-1570,0.04
TSZ-616,CHEM-1600,40.858
TSZ-938,CHEM-1260,5.022550000000001
TSZ-938,CHEM-1520,66.0569
TSZ-938,CHEM-1570,0.0117
TVS-267,CHEM-1180,80.63399999999999
TVS-267,CHEM-1420,2.8508799999999996
TVS-267,CHEM-1570,0.09663999999999999
TVS-267,CHEM-1760,0.19629999999999995
TVS-500,CHEM-1180,151.5
TVS-500,CHEM-1420,2.86335
TVS-500,CHEM-1570,0.09999
TVS-500,CHEM-1760,0.18483
TVS-664,CHEM-1180,321.70477
TVS-664,CHEM-1420,0.03876
TVS-664,CHEM-1570,0.01615
TVS-664,CHEM-1760,0.01615
TVS-833,CHEM-1180,249.89999999999998
TVS-833,CHEM-1420,2.8560000000000003
TVS-833,CHEM-1570,0.09
TVS-833,CHEM-1760,0.183
V14,8EN,1.0
V17,8EN,1.0
V18,8EN,1.0
VSP-600,CHEM-1260,1.15024
VSP-600,CHEM-1400,5.89792
VSP-600,CHEM-1410,32.96048
VSP-600,CHEM-1420,0.73136
VSP-600,CHEM-1440,0.50064
VSP-600,CHEM-1600,16.78208
VSP-600,CHEM-1610,59.220000000000006
VSP-600,CHEM-1640,609.4446399999999
VSP-600,CHEM-1650,0.0448
VSP-601,CHEM-1260,2.1335642999999997
VSP-601,CHEM-1400,5.89195215
VSP-601,CHEM-1410,65.853081
VSP-601,CHEM-1420,0.6314679
VSP-601,CHEM-1600,16.7643189
VSP-601,CHEM-1610,16.9027803
VSP-601,CHEM-1640,1826.6729985
VSP-602,CHEM-1050,0.9351924595199999
VSP-602,CHEM-1100,0.4514872348799999
VSP-602,CHEM-1190,0.05224538879999999
VSP-602,CHEM-1200,174.15129599999997
VSP-602,CHEM-1260,1.23024
VSP-602,CHEM-1400,8.841887999999999
VSP-602,CHEM-1410,6.1776
VSP-602,CHEM-1420,1.722336
VSP-602,CHEM-1440,1.231296
VSP-602,CHEM-1520,43.807103999999995
VSP-602,CHEM-1530,50.014272
VSP-602,CHEM-1620,0.06443597951999999
VSP-602,CHEM-1630,174.15129599999997
VSP-602,SOL-10H VW,14.512607999999998
VSP-820,CHEM-1030,4.0342533
VSP-820,CHEM-1400,3.5321648999999997
VSP-820,CHEM-1410,44.418627
VSP-820,CHEM-1420,0.6100644
VSP-820,CHEM-1510,6.788990999999999
VSP-820,CHEM-1570,0.1376694
VSP-820,CHEM-1600,20.102431799999998
VSP-820,CHEM-1610,66.7129716
VSP-820,CHEM-1640,3474.5961458999996
VSP-820,CHEM-1660,1.3780437
VSP-822,CHEM-1050,1.8524647349999999
VSP-822,CHEM-1100,0.89432305875
VSP-822,CHEM-1190,0.10348964999999999
VSP-822,CHEM-1200,344.9655
VSP-822,CHEM-1260,2.741508
VSP-822,CHEM-1400,4.920597
VSP-822,CHEM-1410,55.003212
VSP-822,CHEM-1420,1.507374
VSP-822,CHEM-1440,1.234134
VSP-822,CHEM-1530,55.668096
VSP-822,CHEM-1570,0.10929599999999999
VSP-822,CHEM-1620,0.12763723500000002
VSP-822,CHEM-1630,344.9655
VSP-822,CHEM-1650,0.05920199999999999
VSP-822,CHEM-1660,1.0963755
VSP-822,SOL-10H VW,28.747125
VSP-910,CHEM-1050,4.021951844879999
VSP-910,CHEM-1100,1.94169649122
VSP-910,CHEM-1190,0.2246900472
VSP-910,CHEM-1200,748.966824
VSP-910,CHEM-1260,1.539486
VSP-910,CHEM-1400,3.9473999999999996
VSP-910,CHEM-1410,44.122752
VSP-910,CHEM-1420,1.429326
VSP-910,CHEM-1440,1.011636
VSP-910,CHEM-1530,44.65611
VSP-910,CHEM-1570,0.09088199999999999
VSP-910,CHEM-1620,0.27711772487999997
VSP-910,CHEM-1630,748.966824
VSP-910,CHEM-1650,0.047735999999999994
VSP-910,CHEM-1660,0.9124919999999999
VSP-910,SOL-10H VW,62.413902
VSP-989,CHEM-1030,3.1770899999999997
VSP-989,CHEM-1400,2.1432599999999997
VSP-989,CHEM-1410,39.96783
VSP-989,CHEM-1420,0.61236
VSP-989,CHEM-1440,0.09072000000000001
VSP-989,CHEM-1510,6.581925
VSP-989,CHEM-1570,0.09072000000000001
VSP-989,CHEM-1600,7.727264999999999
VSP-989,CHEM-1610,43.355655
VSP-989,CHEM-1640,3320.965305
VSP-989,CHEM-1660,0.9081450000000001
VSP-990,CHEM-1050,3.3982466220000003
VSP-990,CHEM-1100,1.6405874055
VSP-990,CHEM-1190,0.18984618
VSP-990,CHEM-1200,632.8206
VSP-990,CHEM-1260,1.01979
VSP-990,CHEM-1400,3.48543
VSP-990,CHEM-1410,38.9448
VSP-990,CHEM-1420,0.84969
VSP-990,CHEM-1440,0.48438000000000003
VSP-990,CHEM-1530,39.41541
VSP-990,CHEM-1570,0.081
VSP-990,CHEM-1620,0.23414362200000002
VSP-990,CHEM-1630,632.8206
VSP-990,CHEM-1650,0.0486
VSP-990,CHEM-1660,0.80676
VSP-990,SOL-10H VW,52.73505
