Intermediate,Week,WeekStart,Qty
TSP-049,19,2026-05-04 00:00:00,0
TSP-049,20,2026-05-11 00:00:00,0
TSP-049,21,2026-05-18 00:00:00,0
TSP-049,22,2026-05-25 00:00:00,0
TSP-049,23,2026-06-01 00:00:00,0
TSP-049,24,2026-06-08 00:00:00,0
TSP-049,25,2026-06-15 00:00:00,0
TSP-049,26,2026-06-22 00:00:00,0
TSP-049,27,2026-06-29 00:00:00,0
TSP-049,28,2026-07-06 00:00:00,0
TSP-049,29,2026-07-13 00:00:00,0
TSP-049,30,2026-07-20 00:00:00,0
TSP-049,31,2026-07-27 00:00:00,0
TSP-049,32,2026-08-03 00:00:00,0
TSP-049,33,2026-08-10 00:00:00,0
TSP-049,34,2026-08-17 00:00:00,0
TSP-049,35,2026-08-24 00:00:00,0
TSP-050,19,2026-05-04 00:00:00,0
TSP-050,20,2026-05-11 00:00:00,0
TSP-050,21,2026-05-18 00:00:00,0
TSP-050,22,2026-05-25 00:00:00,0
TSP-050,23,2026-06-01 00:00:00,0
TSP-050,24,2026-06-08 00:00:00,0
TSP-050,25,2026-06-15 00:00:00,0
TSP-050,26,2026-06-22 00:00:00,0
TSP-050,27,2026-06-29 00:00:00,0
TSP-050,28,2026-07-06 00:00:00,0
TSP-050,29,2026-07-13 00:00:00,0
TSP-050,30,2026-07-20 00:00:00,0
TSP-050,31,2026-07-27 00:00:00,0
TSP-050,32,2026-08-03 00:00:00,0
TSP-050,33,2026-08-10 00:00:00,0
TSP-050,34,2026-08-17 00:00:00,0
TSP-050,35,2026-08-24 00:00:00,0
TSP-067,19,2026-05-04 00:00:00,0
TSP-067,20,2026-05-11 00:00:00,0
TSP-067,21,2026-05-18 00:00:00,0
TSP-067,22,2026-05-25 00:00:00,0
TSP-067,23,2026-06-01 00:00:00,0
TSP-067,24,2026-06-08 00:00:00,0
TSP-067,25,2026-06-15 00:00:00,0
TSP-067,26,2026-06-22 00:00:00,0
TSP-067,27,2026-06-29 00:00:00,0
TSP-067,28,2026-07-06 00:00:00,0
TSP-067,29,2026-07-13 00:00:00,0
TSP-067,30,2026-07-20 00:00:00,0
TSP-067,31,2026-07-27 00:00:00,0
TSP-067,32,2026-08-03 00:00:00,0
TSP-067,33,2026-08-10 00:00:00,0
TSP-067,34,2026-08-17 00:00:00,0
TSP-067,35,2026-08-24 00:00:00,0
TSP-069,19,2026-05-04 00:00:00,0
TSP-069,20,2026-05-11 00:00:00,0
TSP-069,21,2026-05-18 00:00:00,0
TSP-069,22,2026-05-25 00:00:00,0
TSP-069,23,2026-06-01 00:00:00,0
TSP-069,24,2026-06-08 00:00:00,0
TSP-069,25,2026-06-15 00:00:00,0
TSP-069,26,2026-06-22 00:00:00,0
TSP-069,27,2026-06-29 00:00:00,0
TSP-069,28,2026-07-06 00:00:00,0
TSP-069,29,2026-07-13 00:00:00,0
TSP-069,30,2026-07-20 00:00:00,0
TSP-069,31,2026-07-27 00:00:00,0
TSP-069,32,2026-08-03 00:00:00,0
TSP-069,33,2026-08-10 00:00:00,0
TSP-069,34,2026-08-17 00:00:00,0
TSP-069,35,2026-08-24 00:00:00,0
TSP-077,19,2026-05-04 00:00:00,0
TSP-077,20,2026-05-11 00:00:00,0
TSP-077,21,2026-05-18 00:00:00,0
TSP-077,22,2026-05-25 00:00:00,0
TSP-077,23,2026-06-01 00:00:00,0
TSP-077,24,2026-06-08 00:00:00,0
TSP-077,25,2026-06-15 00:00:00,0
TSP-077,26,2026-06-22 00:00:00,0
TSP-077,27,2026-06-29 00:00:00,0
TSP-077,28,2026-07-06 00:00:00,0
TSP-077,29,2026-07-13 00:00:00,0
TSP-077,30,2026-07-20 00:00:00,0
TSP-077,31,2026-07-27 00:00:00,0
TSP-077,32,2026-08-03 00:00:00,0
TSP-077,33,2026-08-10 00:00:00,0
TSP-077,34,2026-08-17 00:00:00,0
TSP-077,35,2026-08-24 00:00:00,0
TSP-078,19,2026-05-04 00:00:00,0
TSP-078,20,2026-05-11 00:00:00,0
TSP-078,21,2026-05-18 00:00:00,0
TSP-078,22,2026-05-25 00:00:00,0
TSP-078,23,2026-06-01 00:00:00,0
TSP-078,24,2026-06-08 00:00:00,0
TSP-078,25,2026-06-15 00:00:00,0
TSP-078,26,2026-06-22 00:00:00,0
TSP-078,27,2026-06-29 00:00:00,0
TSP-078,28,2026-07-06 00:00:00,0
TSP-078,29,2026-07-13 00:00:00,0
TSP-078,30,2026-07-20 00:00:00,0
TSP-078,31,2026-07-27 00:00:00,0
TSP-078,32,2026-08-03 00:00:00,0
TSP-078,33,2026-08-10 00:00:00,0
TSP-078,34,2026-08-17 00:00:00,0
TSP-078,35,2026-08-24 00:00:00,0
TSP-080,19,2026-05-04 00:00:00,0
TSP-080,20,2026-05-11 00:00:00,0
TSP-080,21,2026-05-18 00:00:00,0
TSP-080,22,2026-05-25 00:00:00,0
TSP-080,23,2026-06-01 00:00:00,0
TSP-080,24,2026-06-08 00:00:00,0
TSP-080,25,2026-06-15 00:00:00,0
TSP-080,26,2026-06-22 00:00:00,0
TSP-080,27,2026-06-29 00:00:00,0
TSP-080,28,2026-07-06 00:00:00,0
TSP-080,29,2026-07-13 00:00:00,0
TSP-080,30,2026-07-20 00:00:00,0
TSP-080,31,2026-07-27 00:00:00,0
TSP-080,32,2026-08-03 00:00:00,0
TSP-080,33,2026-08-10 00:00:00,0
TSP-080,34,2026-08-17 00:00:00,0
TSP-080,35,2026-08-24 00:00:00,0
TSP-089,19,2026-05-04 00:00:00,0
TSP-089,20,2026-05-11 00:00:00,0
TSP-089,21,2026-05-18 00:00:00,0
TSP-089,22,2026-05-25 00:00:00,0
TSP-089,23,2026-06-01 00:00:00,0
TSP-089,24,2026-06-08 00:00:00,0
TSP-089,25,2026-06-15 00:00:00,0
TSP-089,26,2026-06-22 00:00:00,0
TSP-089,27,2026-06-29 00:00:00,0
TSP-089,28,2026-07-06 00:00:00,0
TSP-089,29,2026-07-13 00:00:00,0
TSP-089,30,2026-07-20 00:00:00,0
TSP-089,31,2026-07-27 00:00:00,0
TSP-089,32,2026-08-03 00:00:00,0
TSP-089,33,2026-08-10 00:00:00,0
TSP-089,34,2026-08-17 00:00:00,0
TSP-089,35,2026-08-24 00:00:00,0
TSP-104,19,2026-05-04 00:00:00,0
TSP-104,20,2026-05-11 00:00:00,0
TSP-104,21,2026-05-18 00:00:00,0
TSP-104,22,2026-05-25 00:00:00,0
TSP-104,23,2026-06-01 00:00:00,0
TSP-104,24,2026-06-08 00:00:00,0
TSP-104,25,2026-06-15 00:00:00,0
TSP-104,26,2026-06-22 00:00:00,0
TSP-104,27,2026-06-29 00:00:00,0
TSP-104,28,2026-07-06 00:00:00,0
TSP-104,29,2026-07-13 00:00:00,0
TSP-104,30,2026-07-20 00:00:00,0
TSP-104,31,2026-07-27 00:00:00,0
TSP-104,32,2026-08-03 00:00:00,0
TSP-104,33,2026-08-10 00:00:00,0
TSP-104,34,2026-08-17 00:00:00,0
TSP-104,35,2026-08-24 00:00:00,0
TSP-105,19,2026-05-04 00:00:00,0
TSP-105,20,2026-05-11 00:00:00,0
TSP-105,21,2026-05-18 00:00:00,0
TSP-105,22,2026-05-25 00:00:00,0
TSP-105,23,2026-06-01 00:00:00,0
TSP-105,24,2026-06-08 00:00:00,0
TSP-105,25,2026-06-15 00:00:00,0
TSP-105,26,2026-06-22 00:00:00,0
TSP-105,27,2026-06-29 00:00:00,0
TSP-105,28,2026-07-06 00:00:00,0
TSP-105,29,2026-07-13 00:00:00,0
TSP-105,30,2026-07-20 00:00:00,0
TSP-105,31,2026-07-27 00:00:00,0
TSP-105,32,2026-08-03 00:00:00,0
TSP-105,33,2026-08-10 00:00:00,0
TSP-105,34,2026-08-17 00:00:00,0
TSP-105,35,2026-08-24 00:00:00,0
TSP-199,19,2026-05-04 00:00:00,0
TSP-199,20,2026-05-11 00:00:00,0
TSP-199,21,2026-05-18 00:00:00,0
TSP-199,22,2026-05-25 00:00:00,0
TSP-199,23,2026-06-01 00:00:00,0
TSP-199,24,2026-06-08 00:00:00,0
TSP-199,25,2026-06-15 00:00:00,0
TSP-199,26,2026-06-22 00:00:00,0
TSP-199,27,2026-06-29 00:00:00,0
TSP-199,28,2026-07-06 00:00:00,0
TSP-199,29,2026-07-13 00:00:00,0
TSP-199,30,2026-07-20 00:00:00,0
TSP-199,31,2026-07-27 00:00:00,0
TSP-199,32,2026-08-03 00:00:00,0
TSP-199,33,2026-08-10 00:00:00,0
TSP-199,34,2026-08-17 00:00:00,0
TSP-199,35,2026-08-24 00:00:00,0
TSP-205,19,2026-05-04 00:00:00,0
TSP-205,20,2026-05-11 00:00:00,0
TSP-205,21,2026-05-18 00:00:00,0
TSP-205,22,2026-05-25 00:00:00,0
TSP-205,23,2026-06-01 00:00:00,0
TSP-205,24,2026-06-08 00:00:00,0
TSP-205,25,2026-06-15 00:00:00,0
TSP-205,26,2026-06-22 00:00:00,0
TSP-205,27,2026-06-29 00:00:00,0
TSP-205,28,2026-07-06 00:00:00,0
TSP-205,29,2026-07-13 00:00:00,0
TSP-205,30,2026-07-20 00:00:00,0
TSP-205,31,2026-07-27 00:00:00,0
TSP-205,32,2026-08-03 00:00:00,0
TSP-205,33,2026-08-10 00:00:00,0
TSP-205,34,2026-08-17 00:00:00,0
TSP-205,35,2026-08-24 00:00:00,0
TSP-206,19,2026-05-04 00:00:00,0
TSP-206,20,2026-05-11 00:00:00,0
TSP-206,21,2026-05-18 00:00:00,0
TSP-206,22,2026-05-25 00:00:00,0
TSP-206,23,2026-06-01 00:00:00,0
TSP-206,24,2026-06-08 00:00:00,0
TSP-206,25,2026-06-15 00:00:00,0
TSP-206,26,2026-06-22 00:00:00,0
TSP-206,27,2026-06-29 00:00:00,0
TSP-206,28,2026-07-06 00:00:00,0
TSP-206,29,2026-07-13 00:00:00,0
TSP-206,30,2026-07-20 00:00:00,0
TSP-206,31,2026-07-27 00:00:00,0
TSP-206,32,2026-08-03 00:00:00,0
TSP-206,33,2026-08-10 00:00:00,0
TSP-206,34,2026-08-17 00:00:00,0
TSP-206,35,2026-08-24 00:00:00,0
TSP-224,19,2026-05-04 00:00:00,0
TSP-224,20,2026-05-11 00:00:00,0
TSP-224,21,2026-05-18 00:00:00,0
TSP-224,22,2026-05-25 00:00:00,0
TSP-224,23,2026-06-01 00:00:00,0
TSP-224,24,2026-06-08 00:00:00,0
TSP-224,25,2026-06-15 00:00:00,0
TSP-224,26,2026-06-22 00:00:00,0
TSP-224,27,2026-06-29 00:00:00,0
TSP-224,28,2026-07-06 00:00:00,0
TSP-224,29,2026-07-13 00:00:00,0
TSP-224,30,2026-07-20 00:00:00,0
TSP-224,31,2026-07-27 00:00:00,0
TSP-224,32,2026-08-03 00:00:00,0
TSP-224,33,2026-08-10 00:00:00,0
TSP-224,34,2026-08-17 00:00:00,0
TSP-224,35,2026-08-24 00:00:00,0
TSP-225,19,2026-05-04 00:00:00,0
TSP-225,20,2026-05-11 00:00:00,0
TSP-225,21,2026-05-18 00:00:00,0
TSP-225,22,2026-05-25 00:00:00,0
TSP-225,23,2026-06-01 00:00:00,0
TSP-225,24,2026-06-08 00:00:00,0
TSP-225,25,2026-06-15 00:00:00,0
TSP-225,26,2026-06-22 00:00:00,0
TSP-225,27,2026-06-29 00:00:00,0
TSP-225,28,2026-07-06 00:00:00,0
TSP-225,29,2026-07-13 00:00:00,0
TSP-225,30,2026-07-20 00:00:00,0
TSP-225,31,2026-07-27 00:00:00,0
TSP-225,32,2026-08-03 00:00:00,0
TSP-225,33,2026-08-10 00:00:00,0
TSP-225,34,2026-08-17 00:00:00,0
TSP-225,35,2026-08-24 00:00:00,0
TSP-360,19,2026-05-04 00:00:00,0
TSP-360,20,2026-05-11 00:00:00,0
TSP-360,21,2026-05-18 00:00:00,0
TSP-360,22,2026-05-25 00:00:00,0
TSP-360,23,2026-06-01 00:00:00,0
TSP-360,24,2026-06-08 00:00:00,0
TSP-360,25,2026-06-15 00:00:00,0
TSP-360,26,2026-06-22 00:00:00,0
TSP-360,27,2026-06-29 00:00:00,0
TSP-360,28,2026-07-06 00:00:00,0
TSP-360,29,2026-07-13 00:00:00,0
TSP-360,30,2026-07-20 00:00:00,0
TSP-360,31,2026-07-27 00:00:00,0
TSP-360,32,2026-08-03 00:00:00,0
TSP-360,33,2026-08-10 00:00:00,0
TSP-360,34,2026-08-17 00:00:00,0
TSP-360,35,2026-08-24 00:00:00,0
TSP-367,19,2026-05-04 00:00:00,0
TSP-367,20,2026-05-11 00:00:00,0
TSP-367,21,2026-05-18 00:00:00,0
TSP-367,22,2026-05-25 00:00:00,0
TSP-367,23,2026-06-01 00:00:00,0
TSP-367,24,2026-06-08 00:00:00,0
TSP-367,25,2026-06-15 00:00:00,0
TSP-367,26,2026-06-22 00:00:00,0
TSP-367,27,2026-06-29 00:00:00,0
TSP-367,28,2026-07-06 00:00:00,0
TSP-367,29,2026-07-13 00:00:00,0
TSP-367,30,2026-07-20 00:00:00,0
TSP-367,31,2026-07-27 00:00:00,0
TSP-367,32,2026-08-03 00:00:00,0
TSP-367,33,2026-08-10 00:00:00,0
TSP-367,34,2026-08-17 00:00:00,0
TSP-367,35,2026-08-24 00:00:00,0
TSP-369,19,2026-05-04 00:00:00,0
TSP-369,20,2026-05-11 00:00:00,0
TSP-369,21,2026-05-18 00:00:00,0
TSP-369,22,2026-05-25 00:00:00,0
TSP-369,23,2026-06-01 00:00:00,0
TSP-369,24,2026-06-08 00:00:00,0
TSP-369,25,2026-06-15 00:00:00,0
TSP-369,26,2026-06-22 00:00:00,0
TSP-369,27,2026-06-29 00:00:00,0
TSP-369,28,2026-07-06 00:00:00,0
TSP-369,29,2026-07-13 00:00:00,0
TSP-369,30,2026-07-20 00:00:00,0
TSP-369,31,2026-07-27 00:00:00,0
TSP-369,32,2026-08-03 00:00:00,0
TSP-369,33,2026-08-10 00:00:00,0
TSP-369,34,2026-08-17 00:00:00,0
TSP-369,35,2026-08-24 00:00:00,0
TSP-399,19,2026-05-04 00:00:00,0
TSP-399,20,2026-05-11 00:00:00,0
TSP-399,21,2026-05-18 00:00:00,0
TSP-399,22,2026-05-25 00:00:00,0
TSP-399,23,2026-06-01 00:00:00,0
TSP-399,24,2026-06-08 00:00:00,0
TSP-399,25,2026-06-15 00:00:00,0
TSP-399,26,2026-06-22 00:00:00,0
TSP-399,27,2026-06-29 00:00:00,0
TSP-399,28,2026-07-06 00:00:00,0
TSP-399,29,2026-07-13 00:00:00,0
TSP-399,30,2026-07-20 00:00:00,0
TSP-399,31,2026-07-27 00:00:00,0
TSP-399,32,2026-08-03 00:00:00,0
TSP-399,33,2026-08-10 00:00:00,0
TSP-399,34,2026-08-17 00:00:00,0
TSP-399,35,2026-08-24 00:00:00,0
TSP-1555,19,2026-05-04 00:00:00,0
TSP-1555,20,2026-05-11 00:00:00,0
TSP-1555,21,2026-05-18 00:00:00,0
TSP-1555,22,2026-05-25 00:00:00,0
TSP-1555,23,2026-06-01 00:00:00,0
TSP-1555,24,2026-06-08 00:00:00,0
TSP-1555,25,2026-06-15 00:00:00,0
TSP-1555,26,2026-06-22 00:00:00,0
TSP-1555,27,2026-06-29 00:00:00,0
TSP-1555,28,2026-07-06 00:00:00,0
TSP-1555,29,2026-07-13 00:00:00,0
TSP-1555,30,2026-07-20 00:00:00,0
TSP-1555,31,2026-07-27 00:00:00,0
TSP-1555,32,2026-08-03 00:00:00,0
TSP-1555,33,2026-08-10 00:00:00,0
TSP-1555,34,2026-08-17 00:00:00,0
TSP-1555,35,2026-08-24 00:00:00,0
TSP-1559,19,2026-05-04 00:00:00,0
TSP-1559,20,2026-05-11 00:00:00,0
TSP-1559,21,2026-05-18 00:00:00,0
TSP-1559,22,2026-05-25 00:00:00,0
TSP-1559,23,2026-06-01 00:00:00,0
TSP-1559,24,2026-06-08 00:00:00,0
TSP-1559,25,2026-06-15 00:00:00,0
TSP-1559,26,2026-06-22 00:00:00,0
TSP-1559,27,2026-06-29 00:00:00,0
TSP-1559,28,2026-07-06 00:00:00,0
TSP-1559,29,2026-07-13 00:00:00,0
TSP-1559,30,2026-07-20 00:00:00,0
TSP-1559,31,2026-07-27 00:00:00,0
TSP-1559,32,2026-08-03 00:00:00,0
TSP-1559,33,2026-08-10 00:00:00,0
TSP-1559,34,2026-08-17 00:00:00,0
TSP-1559,35,2026-08-24 00:00:00,0
TSP-1499,19,2026-05-04 00:00:00,0
TSP-1499,20,2026-05-11 00:00:00,0
TSP-1499,21,2026-05-18 00:00:00,4.790816326530612
TSP-1499,22,2026-05-25 00:00:00,0
TSP-1499,23,2026-06-01 00:00:00,0
TSP-1499,24,2026-06-08 00:00:00,0
TSP-1499,25,2026-06-15 00:00:00,0
TSP-1499,26,2026-06-22 00:00:00,0
TSP-1499,27,2026-06-29 00:00:00,5.999999999999999
TSP-1499,28,2026-07-06 00:00:00,0
TSP-1499,29,2026-07-13 00:00:00,0
TSP-1499,30,2026-07-20 00:00:00,0
TSP-1499,31,2026-07-27 00:00:00,0
TSP-1499,32,2026-08-03 00:00:00,2.9999999999999996
TSP-1499,33,2026-08-10 00:00:00,0
TSP-1499,34,2026-08-17 00:00:00,0
TSP-1499,35,2026-08-24 00:00:00,0
TSP-1558,19,2026-05-04 00:00:00,0
TSP-1558,20,2026-05-11 00:00:00,0
TSP-1558,21,2026-05-18 00:00:00,3.193877551020408
TSP-1558,22,2026-05-25 00:00:00,0
TSP-1558,23,2026-06-01 00:00:00,0
TSP-1558,24,2026-06-08 00:00:00,0
TSP-1558,25,2026-06-15 00:00:00,0
TSP-1558,26,2026-06-22 00:00:00,0
TSP-1558,27,2026-06-29 00:00:00,4
TSP-1558,28,2026-07-06 00:00:00,0
TSP-1558,29,2026-07-13 00:00:00,0
TSP-1558,30,2026-07-20 00:00:00,0
TSP-1558,31,2026-07-27 00:00:00,0
TSP-1558,32,2026-08-03 00:00:00,2
TSP-1558,33,2026-08-10 00:00:00,0
TSP-1558,34,2026-08-17 00:00:00,0
TSP-1558,35,2026-08-24 00:00:00,0
TSP-544,19,2026-05-04 00:00:00,0
TSP-544,20,2026-05-11 00:00:00,0
TSP-544,21,2026-05-18 00:00:00,0
TSP-544,22,2026-05-25 00:00:00,0
TSP-544,23,2026-06-01 00:00:00,0
TSP-544,24,2026-06-08 00:00:00,0
TSP-544,25,2026-06-15 00:00:00,0
TSP-544,26,2026-06-22 00:00:00,0
TSP-544,27,2026-06-29 00:00:00,0
TSP-544,28,2026-07-06 00:00:00,0
TSP-544,29,2026-07-13 00:00:00,0
TSP-544,30,2026-07-20 00:00:00,0
TSP-544,31,2026-07-27 00:00:00,0
TSP-544,32,2026-08-03 00:00:00,0
TSP-544,33,2026-08-10 00:00:00,0
TSP-544,34,2026-08-17 00:00:00,0
TSP-544,35,2026-08-24 00:00:00,0
TSP-558,19,2026-05-04 00:00:00,0
TSP-558,20,2026-05-11 00:00:00,0
TSP-558,21,2026-05-18 00:00:00,0
TSP-558,22,2026-05-25 00:00:00,0
TSP-558,23,2026-06-01 00:00:00,0
TSP-558,24,2026-06-08 00:00:00,0
TSP-558,25,2026-06-15 00:00:00,0
TSP-558,26,2026-06-22 00:00:00,0
TSP-558,27,2026-06-29 00:00:00,0
TSP-558,28,2026-07-06 00:00:00,0
TSP-558,29,2026-07-13 00:00:00,0
TSP-558,30,2026-07-20 00:00:00,0
TSP-558,31,2026-07-27 00:00:00,0
TSP-558,32,2026-08-03 00:00:00,0
TSP-558,33,2026-08-10 00:00:00,0
TSP-558,34,2026-08-17 00:00:00,0
TSP-558,35,2026-08-24 00:00:00,0
TSP-618,19,2026-05-04 00:00:00,0
TSP-618,20,2026-05-11 00:00:00,0
TSP-618,21,2026-05-18 00:00:00,0
TSP-618,22,2026-05-25 00:00:00,0
TSP-618,23,2026-06-01 00:00:00,0
TSP-618,24,2026-06-08 00:00:00,0
TSP-618,25,2026-06-15 00:00:00,0
TSP-618,26,2026-06-22 00:00:00,0
TSP-618,27,2026-06-29 00:00:00,0
TSP-618,28,2026-07-06 00:00:00,0
TSP-618,29,2026-07-13 00:00:00,0
TSP-618,30,2026-07-20 00:00:00,0
TSP-618,31,2026-07-27 00:00:00,0
TSP-618,32,2026-08-03 00:00:00,0
TSP-618,33,2026-08-10 00:00:00,0
TSP-618,34,2026-08-17 00:00:00,0
TSP-618,35,2026-08-24 00:00:00,0
TSP-620,19,2026-05-04 00:00:00,0
TSP-620,20,2026-05-11 00:00:00,0
TSP-620,21,2026-05-18 00:00:00,0
TSP-620,22,2026-05-25 00:00:00,0
TSP-620,23,2026-06-01 00:00:00,0
TSP-620,24,2026-06-08 00:00:00,0
TSP-620,25,2026-06-15 00:00:00,0
TSP-620,26,2026-06-22 00:00:00,0
TSP-620,27,2026-06-29 00:00:00,0
TSP-620,28,2026-07-06 00:00:00,0
TSP-620,29,2026-07-13 00:00:00,0
TSP-620,30,2026-07-20 00:00:00,0
TSP-620,31,2026-07-27 00:00:00,0
TSP-620,32,2026-08-03 00:00:00,0
TSP-620,33,2026-08-10 00:00:00,0
TSP-620,34,2026-08-17 00:00:00,0
TSP-620,35,2026-08-24 00:00:00,0
TSP-623,19,2026-05-04 00:00:00,0
TSP-623,20,2026-05-11 00:00:00,0
TSP-623,21,2026-05-18 00:00:00,0
TSP-623,22,2026-05-25 00:00:00,0
TSP-623,23,2026-06-01 00:00:00,0
TSP-623,24,2026-06-08 00:00:00,0
TSP-623,25,2026-06-15 00:00:00,0
TSP-623,26,2026-06-22 00:00:00,0
TSP-623,27,2026-06-29 00:00:00,0
TSP-623,28,2026-07-06 00:00:00,0
TSP-623,29,2026-07-13 00:00:00,0
TSP-623,30,2026-07-20 00:00:00,0
TSP-623,31,2026-07-27 00:00:00,0
TSP-623,32,2026-08-03 00:00:00,0
TSP-623,33,2026-08-10 00:00:00,0
TSP-623,34,2026-08-17 00:00:00,0
TSP-623,35,2026-08-24 00:00:00,0
TSP-655,19,2026-05-04 00:00:00,0
TSP-655,20,2026-05-11 00:00:00,3.5043861134631666
TSP-655,21,2026-05-18 00:00:00,2.503132938187976
TSP-655,22,2026-05-25 00:00:00,4.255325994919559
TSP-655,23,2026-06-01 00:00:00,0
TSP-655,24,2026-06-08 00:00:00,10.012531752751904
TSP-655,25,2026-06-15 00:00:00,0
TSP-655,26,2026-06-22 00:00:00,5.006265876375952
TSP-655,27,2026-06-29 00:00:00,3.754699407281964
TSP-655,28,2026-07-06 00:00:00,0
TSP-655,29,2026-07-13 00:00:00,5.006265876375952
TSP-655,30,2026-07-20 00:00:00,3.754699407281964
TSP-655,31,2026-07-27 00:00:00,3.754699407281964
TSP-655,32,2026-08-03 00:00:00,3.754699407281964
TSP-655,33,2026-08-10 00:00:00,5.006265876375952
TSP-655,34,2026-08-17 00:00:00,3.754699407281964
TSP-655,35,2026-08-24 00:00:00,0
TSP-656,19,2026-05-04 00:00:00,0
TSP-656,20,2026-05-11 00:00:00,1.8856421632372067
TSP-656,21,2026-05-18 00:00:00,1.3468872594551475
TSP-656,22,2026-05-25 00:00:00,2.289708341073751
TSP-656,23,2026-06-01 00:00:00,0
TSP-656,24,2026-06-08 00:00:00,5.38754903782059
TSP-656,25,2026-06-15 00:00:00,0
TSP-656,26,2026-06-22 00:00:00,2.693774518910295
TSP-656,27,2026-06-29 00:00:00,2.0203308891827216
TSP-656,28,2026-07-06 00:00:00,0
TSP-656,29,2026-07-13 00:00:00,2.693774518910295
TSP-656,30,2026-07-20 00:00:00,2.0203308891827216
TSP-656,31,2026-07-27 00:00:00,2.0203308891827216
TSP-656,32,2026-08-03 00:00:00,2.0203308891827216
TSP-656,33,2026-08-10 00:00:00,2.693774518910295
TSP-656,34,2026-08-17 00:00:00,2.0203308891827216
TSP-656,35,2026-08-24 00:00:00,0
TSP-665,19,2026-05-04 00:00:00,0
TSP-665,20,2026-05-11 00:00:00,0
TSP-665,21,2026-05-18 00:00:00,0
TSP-665,22,2026-05-25 00:00:00,0
TSP-665,23,2026-06-01 00:00:00,0
TSP-665,24,2026-06-08 00:00:00,0
TSP-665,25,2026-06-15 00:00:00,0
TSP-665,26,2026-06-22 00:00:00,0
TSP-665,27,2026-06-29 00:00:00,0
TSP-665,28,2026-07-06 00:00:00,0
TSP-665,29,2026-07-13 00:00:00,0
TSP-665,30,2026-07-20 00:00:00,0
TSP-665,31,2026-07-27 00:00:00,0
TSP-665,32,2026-08-03 00:00:00,0
TSP-665,33,2026-08-10 00:00:00,0
TSP-665,34,2026-08-17 00:00:00,0
TSP-665,35,2026-08-24 00:00:00,0
TSP-668,19,2026-05-04 00:00:00,0
TSP-668,20,2026-05-11 00:00:00,0
TSP-668,21,2026-05-18 00:00:00,0
TSP-668,22,2026-05-25 00:00:00,0
TSP-668,23,2026-06-01 00:00:00,0
TSP-668,24,2026-06-08 00:00:00,0
TSP-668,25,2026-06-15 00:00:00,0
TSP-668,26,2026-06-22 00:00:00,0
TSP-668,27,2026-06-29 00:00:00,0
TSP-668,28,2026-07-06 00:00:00,0
TSP-668,29,2026-07-13 00:00:00,0
TSP-668,30,2026-07-20 00:00:00,0
TSP-668,31,2026-07-27 00:00:00,0
TSP-668,32,2026-08-03 00:00:00,0
TSP-668,33,2026-08-10 00:00:00,0
TSP-668,34,2026-08-17 00:00:00,0
TSP-668,35,2026-08-24 00:00:00,0
TSP-669,19,2026-05-04 00:00:00,0
TSP-669,20,2026-05-11 00:00:00,0
TSP-669,21,2026-05-18 00:00:00,0
TSP-669,22,2026-05-25 00:00:00,0
TSP-669,23,2026-06-01 00:00:00,0
TSP-669,24,2026-06-08 00:00:00,0
TSP-669,25,2026-06-15 00:00:00,0
TSP-669,26,2026-06-22 00:00:00,0
TSP-669,27,2026-06-29 00:00:00,0
TSP-669,28,2026-07-06 00:00:00,0
TSP-669,29,2026-07-13 00:00:00,0
TSP-669,30,2026-07-20 00:00:00,0
TSP-669,31,2026-07-27 00:00:00,0
TSP-669,32,2026-08-03 00:00:00,0
TSP-669,33,2026-08-10 00:00:00,0
TSP-669,34,2026-08-17 00:00:00,0
TSP-669,35,2026-08-24 00:00:00,0
TSP-670,19,2026-05-04 00:00:00,0
TSP-670,20,2026-05-11 00:00:00,0
TSP-670,21,2026-05-18 00:00:00,0
TSP-670,22,2026-05-25 00:00:00,0
TSP-670,23,2026-06-01 00:00:00,0
TSP-670,24,2026-06-08 00:00:00,0
TSP-670,25,2026-06-15 00:00:00,0
TSP-670,26,2026-06-22 00:00:00,0
TSP-670,27,2026-06-29 00:00:00,0
TSP-670,28,2026-07-06 00:00:00,0
TSP-670,29,2026-07-13 00:00:00,0
TSP-670,30,2026-07-20 00:00:00,0
TSP-670,31,2026-07-27 00:00:00,0
TSP-670,32,2026-08-03 00:00:00,0
TSP-670,33,2026-08-10 00:00:00,0
TSP-670,34,2026-08-17 00:00:00,0
TSP-670,35,2026-08-24 00:00:00,0
TSP-710,19,2026-05-04 00:00:00,0
TSP-710,20,2026-05-11 00:00:00,0
TSP-710,21,2026-05-18 00:00:00,0
TSP-710,22,2026-05-25 00:00:00,0
TSP-710,23,2026-06-01 00:00:00,0
TSP-710,24,2026-06-08 00:00:00,0
TSP-710,25,2026-06-15 00:00:00,0
TSP-710,26,2026-06-22 00:00:00,0
TSP-710,27,2026-06-29 00:00:00,0
TSP-710,28,2026-07-06 00:00:00,0
TSP-710,29,2026-07-13 00:00:00,0
TSP-710,30,2026-07-20 00:00:00,0
TSP-710,31,2026-07-27 00:00:00,0
TSP-710,32,2026-08-03 00:00:00,0
TSP-710,33,2026-08-10 00:00:00,0
TSP-710,34,2026-08-17 00:00:00,0
TSP-710,35,2026-08-24 00:00:00,0
TSP-828,19,2026-05-04 00:00:00,0
TSP-828,20,2026-05-11 00:00:00,0
TSP-828,21,2026-05-18 00:00:00,0
TSP-828,22,2026-05-25 00:00:00,0
TSP-828,23,2026-06-01 00:00:00,0
TSP-828,24,2026-06-08 00:00:00,0
TSP-828,25,2026-06-15 00:00:00,0
TSP-828,26,2026-06-22 00:00:00,0
TSP-828,27,2026-06-29 00:00:00,0
TSP-828,28,2026-07-06 00:00:00,0
TSP-828,29,2026-07-13 00:00:00,0
TSP-828,30,2026-07-20 00:00:00,0
TSP-828,31,2026-07-27 00:00:00,0
TSP-828,32,2026-08-03 00:00:00,0
TSP-828,33,2026-08-10 00:00:00,0
TSP-828,34,2026-08-17 00:00:00,0
TSP-828,35,2026-08-24 00:00:00,0
TSP-903,19,2026-05-04 00:00:00,0
TSP-903,20,2026-05-11 00:00:00,0
TSP-903,21,2026-05-18 00:00:00,0
TSP-903,22,2026-05-25 00:00:00,0
TSP-903,23,2026-06-01 00:00:00,0
TSP-903,24,2026-06-08 00:00:00,0
TSP-903,25,2026-06-15 00:00:00,0
TSP-903,26,2026-06-22 00:00:00,0
TSP-903,27,2026-06-29 00:00:00,0
TSP-903,28,2026-07-06 00:00:00,0
TSP-903,29,2026-07-13 00:00:00,0
TSP-903,30,2026-07-20 00:00:00,0
TSP-903,31,2026-07-27 00:00:00,0
TSP-903,32,2026-08-03 00:00:00,0
TSP-903,33,2026-08-10 00:00:00,0
TSP-903,34,2026-08-17 00:00:00,0
TSP-903,35,2026-08-24 00:00:00,0
TSP-924,19,2026-05-04 00:00:00,0
TSP-924,20,2026-05-11 00:00:00,0.5132905723431526
TSP-924,21,2026-05-18 00:00:00,0
TSP-924,22,2026-05-25 00:00:00,0.5132905723431526
TSP-924,23,2026-06-01 00:00:00,0
TSP-924,24,2026-06-08 00:00:00,0
TSP-924,25,2026-06-15 00:00:00,0
TSP-924,26,2026-06-22 00:00:00,0
TSP-924,27,2026-06-29 00:00:00,0
TSP-924,28,2026-07-06 00:00:00,0
TSP-924,29,2026-07-13 00:00:00,0
TSP-924,30,2026-07-20 00:00:00,0
TSP-924,31,2026-07-27 00:00:00,0.5132905723431526
TSP-924,32,2026-08-03 00:00:00,0
TSP-924,33,2026-08-10 00:00:00,0
TSP-924,34,2026-08-17 00:00:00,0
TSP-924,35,2026-08-24 00:00:00,0
TSP-925,19,2026-05-04 00:00:00,0
TSP-925,20,2026-05-11 00:00:00,0
TSP-925,21,2026-05-18 00:00:00,0
TSP-925,22,2026-05-25 00:00:00,0
TSP-925,23,2026-06-01 00:00:00,0.38922077922077913
TSP-925,24,2026-06-08 00:00:00,0
TSP-925,25,2026-06-15 00:00:00,0
TSP-925,26,2026-06-22 00:00:00,0
TSP-925,27,2026-06-29 00:00:00,0
TSP-925,28,2026-07-06 00:00:00,0
TSP-925,29,2026-07-13 00:00:00,0.38922077922077913
TSP-925,30,2026-07-20 00:00:00,0
TSP-925,31,2026-07-27 00:00:00,0
TSP-925,32,2026-08-03 00:00:00,0.38922077922077913
TSP-925,33,2026-08-10 00:00:00,0
TSP-925,34,2026-08-17 00:00:00,0
TSP-925,35,2026-08-24 00:00:00,0.38922077922077913
TSP-927,19,2026-05-04 00:00:00,0
TSP-927,20,2026-05-11 00:00:00,0
TSP-927,21,2026-05-18 00:00:00,0
TSP-927,22,2026-05-25 00:00:00,0
TSP-927,23,2026-06-01 00:00:00,0
TSP-927,24,2026-06-08 00:00:00,0
TSP-927,25,2026-06-15 00:00:00,0
TSP-927,26,2026-06-22 00:00:00,0
TSP-927,27,2026-06-29 00:00:00,0
TSP-927,28,2026-07-06 00:00:00,0
TSP-927,29,2026-07-13 00:00:00,0
TSP-927,30,2026-07-20 00:00:00,0
TSP-927,31,2026-07-27 00:00:00,0
TSP-927,32,2026-08-03 00:00:00,0
TSP-927,33,2026-08-10 00:00:00,0
TSP-927,34,2026-08-17 00:00:00,0
TSP-927,35,2026-08-24 00:00:00,0
TSP-928,19,2026-05-04 00:00:00,0
TSP-928,20,2026-05-11 00:00:00,1.5958422005783928
TSP-928,21,2026-05-18 00:00:00,0
TSP-928,22,2026-05-25 00:00:00,1.5958422005783928
TSP-928,23,2026-06-01 00:00:00,0
TSP-928,24,2026-06-08 00:00:00,0
TSP-928,25,2026-06-15 00:00:00,0
TSP-928,26,2026-06-22 00:00:00,0
TSP-928,27,2026-06-29 00:00:00,0
TSP-928,28,2026-07-06 00:00:00,0
TSP-928,29,2026-07-13 00:00:00,0
TSP-928,30,2026-07-20 00:00:00,0
TSP-928,31,2026-07-27 00:00:00,1.5958422005783928
TSP-928,32,2026-08-03 00:00:00,0
TSP-928,33,2026-08-10 00:00:00,0
TSP-928,34,2026-08-17 00:00:00,0
TSP-928,35,2026-08-24 00:00:00,0
TSP-929,19,2026-05-04 00:00:00,0
TSP-929,20,2026-05-11 00:00:00,0
TSP-929,21,2026-05-18 00:00:00,0
TSP-929,22,2026-05-25 00:00:00,0
TSP-929,23,2026-06-01 00:00:00,0
TSP-929,24,2026-06-08 00:00:00,0
TSP-929,25,2026-06-15 00:00:00,0
TSP-929,26,2026-06-22 00:00:00,0
TSP-929,27,2026-06-29 00:00:00,0
TSP-929,28,2026-07-06 00:00:00,0
TSP-929,29,2026-07-13 00:00:00,0
TSP-929,30,2026-07-20 00:00:00,0
TSP-929,31,2026-07-27 00:00:00,0
TSP-929,32,2026-08-03 00:00:00,0
TSP-929,33,2026-08-10 00:00:00,0
TSP-929,34,2026-08-17 00:00:00,0
TSP-929,35,2026-08-24 00:00:00,0
TSP-930,19,2026-05-04 00:00:00,0
TSP-930,20,2026-05-11 00:00:00,0
TSP-930,21,2026-05-18 00:00:00,0
TSP-930,22,2026-05-25 00:00:00,0
TSP-930,23,2026-06-01 00:00:00,1.2000306674503902
TSP-930,24,2026-06-08 00:00:00,0
TSP-930,25,2026-06-15 00:00:00,0
TSP-930,26,2026-06-22 00:00:00,0
TSP-930,27,2026-06-29 00:00:00,0
TSP-930,28,2026-07-06 00:00:00,0
TSP-930,29,2026-07-13 00:00:00,1.2000306674503902
TSP-930,30,2026-07-20 00:00:00,0
TSP-930,31,2026-07-27 00:00:00,0
TSP-930,32,2026-08-03 00:00:00,1.2000306674503902
TSP-930,33,2026-08-10 00:00:00,0
TSP-930,34,2026-08-17 00:00:00,0
TSP-930,35,2026-08-24 00:00:00,1.2000306674503902
TSP-934,19,2026-05-04 00:00:00,0
TSP-934,20,2026-05-11 00:00:00,0
TSP-934,21,2026-05-18 00:00:00,0
TSP-934,22,2026-05-25 00:00:00,0
TSP-934,23,2026-06-01 00:00:00,0
TSP-934,24,2026-06-08 00:00:00,0
TSP-934,25,2026-06-15 00:00:00,0
TSP-934,26,2026-06-22 00:00:00,0
TSP-934,27,2026-06-29 00:00:00,0
TSP-934,28,2026-07-06 00:00:00,0
TSP-934,29,2026-07-13 00:00:00,0
TSP-934,30,2026-07-20 00:00:00,0
TSP-934,31,2026-07-27 00:00:00,0
TSP-934,32,2026-08-03 00:00:00,0
TSP-934,33,2026-08-10 00:00:00,0
TSP-934,34,2026-08-17 00:00:00,0
TSP-934,35,2026-08-24 00:00:00,0
TSP-935,19,2026-05-04 00:00:00,0
TSP-935,20,2026-05-11 00:00:00,1.6477322930743457
TSP-935,21,2026-05-18 00:00:00,0
TSP-935,22,2026-05-25 00:00:00,1.6477322930743457
TSP-935,23,2026-06-01 00:00:00,0
TSP-935,24,2026-06-08 00:00:00,0
TSP-935,25,2026-06-15 00:00:00,0
TSP-935,26,2026-06-22 00:00:00,0
TSP-935,27,2026-06-29 00:00:00,0
TSP-935,28,2026-07-06 00:00:00,0
TSP-935,29,2026-07-13 00:00:00,0
TSP-935,30,2026-07-20 00:00:00,0
TSP-935,31,2026-07-27 00:00:00,1.6477322930743457
TSP-935,32,2026-08-03 00:00:00,0
TSP-935,33,2026-08-10 00:00:00,0
TSP-935,34,2026-08-17 00:00:00,0
TSP-935,35,2026-08-24 00:00:00,0
TSP-936,19,2026-05-04 00:00:00,0
TSP-936,20,2026-05-11 00:00:00,0
TSP-936,21,2026-05-18 00:00:00,0
TSP-936,22,2026-05-25 00:00:00,0
TSP-936,23,2026-06-01 00:00:00,0
TSP-936,24,2026-06-08 00:00:00,0
TSP-936,25,2026-06-15 00:00:00,0
TSP-936,26,2026-06-22 00:00:00,0
TSP-936,27,2026-06-29 00:00:00,0
TSP-936,28,2026-07-06 00:00:00,0
TSP-936,29,2026-07-13 00:00:00,0
TSP-936,30,2026-07-20 00:00:00,0
TSP-936,31,2026-07-27 00:00:00,0
TSP-936,32,2026-08-03 00:00:00,0
TSP-936,33,2026-08-10 00:00:00,0
TSP-936,34,2026-08-17 00:00:00,0
TSP-936,35,2026-08-24 00:00:00,0
TSP-937,19,2026-05-04 00:00:00,0
TSP-937,20,2026-05-11 00:00:00,0
TSP-937,21,2026-05-18 00:00:00,0
TSP-937,22,2026-05-25 00:00:00,0
TSP-937,23,2026-06-01 00:00:00,1.2390392503138272
TSP-937,24,2026-06-08 00:00:00,0
TSP-937,25,2026-06-15 00:00:00,0
TSP-937,26,2026-06-22 00:00:00,0
TSP-937,27,2026-06-29 00:00:00,0
TSP-937,28,2026-07-06 00:00:00,0
TSP-937,29,2026-07-13 00:00:00,1.2390392503138272
TSP-937,30,2026-07-20 00:00:00,0
TSP-937,31,2026-07-27 00:00:00,0
TSP-937,32,2026-08-03 00:00:00,1.2390392503138272
TSP-937,33,2026-08-10 00:00:00,0
TSP-937,34,2026-08-17 00:00:00,0
TSP-937,35,2026-08-24 00:00:00,1.2390392503138272
TSP-959,19,2026-05-04 00:00:00,0
TSP-959,20,2026-05-11 00:00:00,7.726192481017346
TSP-959,21,2026-05-18 00:00:00,8.194446570775973
TSP-959,22,2026-05-25 00:00:00,3.5119056731897027
TSP-959,23,2026-06-01 00:00:00,4.682540897586271
TSP-959,24,2026-06-08 00:00:00,4.682540897586271
TSP-959,25,2026-06-15 00:00:00,0
TSP-959,26,2026-06-22 00:00:00,5.619049077103525
TSP-959,27,2026-06-29 00:00:00,3.7460327180690163
TSP-959,28,2026-07-06 00:00:00,4.682540897586271
TSP-959,29,2026-07-13 00:00:00,4.682540897586271
TSP-959,30,2026-07-20 00:00:00,2.3412704487931353
TSP-959,31,2026-07-27 00:00:00,2.3412704487931353
TSP-959,32,2026-08-03 00:00:00,4.682540897586271
TSP-959,33,2026-08-10 00:00:00,4.682540897586271
TSP-959,34,2026-08-17 00:00:00,4.682540897586271
TSP-959,35,2026-08-24 00:00:00,4.682540897586271
TSP-966,19,2026-05-04 00:00:00,0
TSP-966,20,2026-05-11 00:00:00,6.577649185325523
TSP-966,21,2026-05-18 00:00:00,6.976294590496767
TSP-966,22,2026-05-25 00:00:00,2.9898405387843288
TSP-966,23,2026-06-01 00:00:00,3.986454051712438
TSP-966,24,2026-06-08 00:00:00,3.986454051712438
TSP-966,25,2026-06-15 00:00:00,0
TSP-966,26,2026-06-22 00:00:00,4.783744862054926
TSP-966,27,2026-06-29 00:00:00,3.1891632413699504
TSP-966,28,2026-07-06 00:00:00,3.986454051712438
TSP-966,29,2026-07-13 00:00:00,3.986454051712438
TSP-966,30,2026-07-20 00:00:00,1.993227025856219
TSP-966,31,2026-07-27 00:00:00,1.993227025856219
TSP-966,32,2026-08-03 00:00:00,3.986454051712438
TSP-966,33,2026-08-10 00:00:00,3.986454051712438
TSP-966,34,2026-08-17 00:00:00,3.986454051712438
TSP-966,35,2026-08-24 00:00:00,3.986454051712438
TVS-267,19,2026-05-04 00:00:00,0
TVS-267,20,2026-05-11 00:00:00,0
TVS-267,21,2026-05-18 00:00:00,0
TVS-267,22,2026-05-25 00:00:00,0
TVS-267,23,2026-06-01 00:00:00,1.0390416275154908
TVS-267,24,2026-06-08 00:00:00,0
TVS-267,25,2026-06-15 00:00:00,0
TVS-267,26,2026-06-22 00:00:00,0
TVS-267,27,2026-06-29 00:00:00,0
TVS-267,28,2026-07-06 00:00:00,0
TVS-267,29,2026-07-13 00:00:00,1.0390416275154908
TVS-267,30,2026-07-20 00:00:00,0
TVS-267,31,2026-07-27 00:00:00,0
TVS-267,32,2026-08-03 00:00:00,1.0390416275154908
TVS-267,33,2026-08-10 00:00:00,0
TVS-267,34,2026-08-17 00:00:00,0
TVS-267,35,2026-08-24 00:00:00,1.0390416275154908
TVS-500,19,2026-05-04 00:00:00,0
TVS-500,20,2026-05-11 00:00:00,0
TVS-500,21,2026-05-18 00:00:00,0
TVS-500,22,2026-05-25 00:00:00,0
TVS-500,23,2026-06-01 00:00:00,0
TVS-500,24,2026-06-08 00:00:00,0
TVS-500,25,2026-06-15 00:00:00,0
TVS-500,26,2026-06-22 00:00:00,0
TVS-500,27,2026-06-29 00:00:00,0
TVS-500,28,2026-07-06 00:00:00,0
TVS-500,29,2026-07-13 00:00:00,0
TVS-500,30,2026-07-20 00:00:00,0
TVS-500,31,2026-07-27 00:00:00,0
TVS-500,32,2026-08-03 00:00:00,0
TVS-500,33,2026-08-10 00:00:00,0
TVS-500,34,2026-08-17 00:00:00,0
TVS-500,35,2026-08-24 00:00:00,0
TVS-664,19,2026-05-04 00:00:00,0
TVS-664,20,2026-05-11 00:00:00,0
TVS-664,21,2026-05-18 00:00:00,0
TVS-664,22,2026-05-25 00:00:00,0
TVS-664,23,2026-06-01 00:00:00,0
TVS-664,24,2026-06-08 00:00:00,0
TVS-664,25,2026-06-15 00:00:00,0
TVS-664,26,2026-06-22 00:00:00,0
TVS-664,27,2026-06-29 00:00:00,0
TVS-664,28,2026-07-06 00:00:00,0
TVS-664,29,2026-07-13 00:00:00,0
TVS-664,30,2026-07-20 00:00:00,0
TVS-664,31,2026-07-27 00:00:00,0
TVS-664,32,2026-08-03 00:00:00,0
TVS-664,33,2026-08-10 00:00:00,0
TVS-664,34,2026-08-17 00:00:00,0
TVS-664,35,2026-08-24 00:00:00,0
TVS-833,19,2026-05-04 00:00:00,10.842464432027509
TVS-833,20,2026-05-11 00:00:00,10.963696392879822
TVS-833,21,2026-05-18 00:00:00,11.811833546132778
TVS-833,22,2026-05-25 00:00:00,11.84347687650184
TVS-833,23,2026-06-01 00:00:00,13.660983143860069
TVS-833,24,2026-06-08 00:00:00,2.8185187118325588
TVS-833,25,2026-06-15 00:00:00,0
TVS-833,26,2026-06-22 00:00:00,6.830491571930034
TVS-833,27,2026-06-29 00:00:00,8.769229800140572
TVS-833,28,2026-07-06 00:00:00,6.830491571930034
TVS-833,29,2026-07-13 00:00:00,6.830491571930034
TVS-833,30,2026-07-20 00:00:00,9.96268394840549
TVS-833,31,2026-07-27 00:00:00,9.024958164669282
TVS-833,32,2026-08-03 00:00:00,6.830491571930034
TVS-833,33,2026-08-10 00:00:00,8.02394572019495
TVS-833,34,2026-08-17 00:00:00,12.781202660238048
TVS-833,35,2026-08-24 00:00:00,8.02394572019495
VSP-566,19,2026-05-04 00:00:00,0
VSP-566,20,2026-05-11 00:00:00,0
VSP-566,21,2026-05-18 00:00:00,0
VSP-566,22,2026-05-25 00:00:00,0
VSP-566,23,2026-06-01 00:00:00,0
VSP-566,24,2026-06-08 00:00:00,0
VSP-566,25,2026-06-15 00:00:00,0
VSP-566,26,2026-06-22 00:00:00,0
VSP-566,27,2026-06-29 00:00:00,0
VSP-566,28,2026-07-06 00:00:00,0
VSP-566,29,2026-07-13 00:00:00,0
VSP-566,30,2026-07-20 00:00:00,0
VSP-566,31,2026-07-27 00:00:00,0
VSP-566,32,2026-08-03 00:00:00,0
VSP-566,33,2026-08-10 00:00:00,0
VSP-566,34,2026-08-17 00:00:00,0
VSP-566,35,2026-08-24 00:00:00,0
TSP-1388,19,2026-05-04 00:00:00,3.658048221855479
TSP-1388,20,2026-05-11 00:00:00,3.2772808630988286
TSP-1388,21,2026-05-18 00:00:00,4.062402939119179
TSP-1388,22,2026-05-25 00:00:00,3.658048221855479
TSP-1388,23,2026-06-01 00:00:00,4.84752501513953
TSP-1388,24,2026-06-08 00:00:00,1.1894767932840506
TSP-1388,25,2026-06-15 00:00:00,0
TSP-1388,26,2026-06-22 00:00:00,2.423762507569765
TSP-1388,27,2026-06-29 00:00:00,3.232471942097165
TSP-1388,28,2026-07-06 00:00:00,2.423762507569765
TSP-1388,29,2026-07-13 00:00:00,2.423762507569765
TSP-1388,30,2026-07-20 00:00:00,3.2772808630988286
TSP-1388,31,2026-07-27 00:00:00,2.4685714285714284
TSP-1388,32,2026-08-03 00:00:00,2.423762507569765
TSP-1388,33,2026-08-10 00:00:00,2.4685714285714284
TSP-1388,34,2026-08-17 00:00:00,4.466757656382879
TSP-1388,35,2026-08-24 00:00:00,2.4685714285714284
TSP-1444,19,2026-05-04 00:00:00,7.458075052893359
TSP-1444,20,2026-05-11 00:00:00,9.827223475654733
TSP-1444,21,2026-05-18 00:00:00,8.642649264274047
TSP-1444,22,2026-05-25 00:00:00,7.458075052893359
TSP-1444,23,2026-06-01 00:00:00,7.458075052893359
TSP-1444,24,2026-06-08 00:00:00,0
TSP-1444,25,2026-06-15 00:00:00,0
TSP-1444,26,2026-06-22 00:00:00,3.7290375264466795
TSP-1444,27,2026-06-29 00:00:00,6.0981859492080535
TSP-1444,28,2026-07-06 00:00:00,3.7290375264466795
TSP-1444,29,2026-07-13 00:00:00,3.7290375264466795
TSP-1444,30,2026-07-20 00:00:00,9.827223475654733
TSP-1444,31,2026-07-27 00:00:00,7.458075052893359
TSP-1444,32,2026-08-03 00:00:00,3.7290375264466795
TSP-1444,33,2026-08-10 00:00:00,7.458075052893359
TSP-1444,34,2026-08-17 00:00:00,9.827223475654733
TSP-1444,35,2026-08-24 00:00:00,7.458075052893359
TSP-1448,19,2026-05-04 00:00:00,4.629994301523985
TSP-1448,20,2026-05-11 00:00:00,6.134017780153573
TSP-1448,21,2026-05-18 00:00:00,5.382006040838779
TSP-1448,22,2026-05-25 00:00:00,4.629994301523985
TSP-1448,23,2026-06-01 00:00:00,4.629994301523985
TSP-1448,24,2026-06-08 00:00:00,0
TSP-1448,25,2026-06-15 00:00:00,0
TSP-1448,26,2026-06-22 00:00:00,2.3149971507619926
TSP-1448,27,2026-06-29 00:00:00,3.8190206293915803
TSP-1448,28,2026-07-06 00:00:00,2.3149971507619926
TSP-1448,29,2026-07-13 00:00:00,2.3149971507619926
TSP-1448,30,2026-07-20 00:00:00,6.134017780153573
TSP-1448,31,2026-07-27 00:00:00,4.629994301523985
TSP-1448,32,2026-08-03 00:00:00,2.3149971507619926
TSP-1448,33,2026-08-10 00:00:00,4.629994301523985
TSP-1448,34,2026-08-17 00:00:00,6.134017780153573
TSP-1448,35,2026-08-24 00:00:00,4.629994301523985
TSP-1445,19,2026-05-04 00:00:00,3.3446862585462687
TSP-1445,20,2026-05-11 00:00:00,0
TSP-1445,21,2026-05-18 00:00:00,3.3446862585462687
TSP-1445,22,2026-05-25 00:00:00,3.3446862585462687
TSP-1445,23,2026-06-01 00:00:00,6.689372517092537
TSP-1445,24,2026-06-08 00:00:00,3.3446862585462687
TSP-1445,25,2026-06-15 00:00:00,0
TSP-1445,26,2026-06-22 00:00:00,3.3446862585462687
TSP-1445,27,2026-06-29 00:00:00,3.3446862585462687
TSP-1445,28,2026-07-06 00:00:00,3.3446862585462687
TSP-1445,29,2026-07-13 00:00:00,3.3446862585462687
TSP-1445,30,2026-07-20 00:00:00,0
TSP-1445,31,2026-07-27 00:00:00,1.1148954195154228
TSP-1445,32,2026-08-03 00:00:00,3.3446862585462687
TSP-1445,33,2026-08-10 00:00:00,0
TSP-1445,34,2026-08-17 00:00:00,3.3446862585462687
TSP-1445,35,2026-08-24 00:00:00,0
TSP-1446,19,2026-05-04 00:00:00,0
TSP-1446,20,2026-05-11 00:00:00,0
TSP-1446,21,2026-05-18 00:00:00,0
TSP-1446,22,2026-05-25 00:00:00,0
TSP-1446,23,2026-06-01 00:00:00,0
TSP-1446,24,2026-06-08 00:00:00,0
TSP-1446,25,2026-06-15 00:00:00,0
TSP-1446,26,2026-06-22 00:00:00,0
TSP-1446,27,2026-06-29 00:00:00,0
TSP-1446,28,2026-07-06 00:00:00,0
TSP-1446,29,2026-07-13 00:00:00,0
TSP-1446,30,2026-07-20 00:00:00,0
TSP-1446,31,2026-07-27 00:00:00,0
TSP-1446,32,2026-08-03 00:00:00,0
TSP-1446,33,2026-08-10 00:00:00,0
TSP-1446,34,2026-08-17 00:00:00,0
TSP-1446,35,2026-08-24 00:00:00,0
TSP-1449,19,2026-05-04 00:00:00,2.140587135346353
TSP-1449,20,2026-05-11 00:00:00,0
TSP-1449,21,2026-05-18 00:00:00,2.140587135346353
TSP-1449,22,2026-05-25 00:00:00,2.140587135346353
TSP-1449,23,2026-06-01 00:00:00,4.281174270692706
TSP-1449,24,2026-06-08 00:00:00,2.140587135346353
TSP-1449,25,2026-06-15 00:00:00,0
TSP-1449,26,2026-06-22 00:00:00,2.140587135346353
TSP-1449,27,2026-06-29 00:00:00,2.140587135346353
TSP-1449,28,2026-07-06 00:00:00,2.140587135346353
TSP-1449,29,2026-07-13 00:00:00,2.140587135346353
TSP-1449,30,2026-07-20 00:00:00,0
TSP-1449,31,2026-07-27 00:00:00,0.7135290451154509
TSP-1449,32,2026-08-03 00:00:00,2.140587135346353
TSP-1449,33,2026-08-10 00:00:00,0
TSP-1449,34,2026-08-17 00:00:00,2.140587135346353
TSP-1449,35,2026-08-24 00:00:00,0
VSP-567,19,2026-05-04 00:00:00,0
VSP-567,20,2026-05-11 00:00:00,0
VSP-567,21,2026-05-18 00:00:00,0
VSP-567,22,2026-05-25 00:00:00,0
VSP-567,23,2026-06-01 00:00:00,0
VSP-567,24,2026-06-08 00:00:00,0
VSP-567,25,2026-06-15 00:00:00,0
VSP-567,26,2026-06-22 00:00:00,0
VSP-567,27,2026-06-29 00:00:00,0
VSP-567,28,2026-07-06 00:00:00,0
VSP-567,29,2026-07-13 00:00:00,0
VSP-567,30,2026-07-20 00:00:00,0
VSP-567,31,2026-07-27 00:00:00,0
VSP-567,32,2026-08-03 00:00:00,0
VSP-567,33,2026-08-10 00:00:00,0
VSP-567,34,2026-08-17 00:00:00,0
VSP-567,35,2026-08-24 00:00:00,0
VSP-600,19,2026-05-04 00:00:00,0
VSP-600,20,2026-05-11 00:00:00,3.8408912073231187
VSP-600,21,2026-05-18 00:00:00,0
VSP-600,22,2026-05-25 00:00:00,0
VSP-600,23,2026-06-01 00:00:00,0
VSP-600,24,2026-06-08 00:00:00,3.8408912073231187
VSP-600,25,2026-06-15 00:00:00,0
VSP-600,26,2026-06-22 00:00:00,0
VSP-600,27,2026-06-29 00:00:00,0
VSP-600,28,2026-07-06 00:00:00,3.8408912073231187
VSP-600,29,2026-07-13 00:00:00,0
VSP-600,30,2026-07-20 00:00:00,0
VSP-600,31,2026-07-27 00:00:00,3.8408912073231187
VSP-600,32,2026-08-03 00:00:00,3.8408912073231187
VSP-600,33,2026-08-10 00:00:00,0
VSP-600,34,2026-08-17 00:00:00,0
VSP-600,35,2026-08-24 00:00:00,0
VSP-601,19,2026-05-04 00:00:00,0
VSP-601,20,2026-05-11 00:00:00,3.844512359077455
VSP-601,21,2026-05-18 00:00:00,0
VSP-601,22,2026-05-25 00:00:00,0
VSP-601,23,2026-06-01 00:00:00,0
VSP-601,24,2026-06-08 00:00:00,3.844512359077455
VSP-601,25,2026-06-15 00:00:00,0
VSP-601,26,2026-06-22 00:00:00,0
VSP-601,27,2026-06-29 00:00:00,0
VSP-601,28,2026-07-06 00:00:00,3.844512359077455
VSP-601,29,2026-07-13 00:00:00,0
VSP-601,30,2026-07-20 00:00:00,0
VSP-601,31,2026-07-27 00:00:00,3.844512359077455
VSP-601,32,2026-08-03 00:00:00,3.844512359077455
VSP-601,33,2026-08-10 00:00:00,0
VSP-601,34,2026-08-17 00:00:00,0
VSP-601,35,2026-08-24 00:00:00,0
VSP-602,19,2026-05-04 00:00:00,0
VSP-602,20,2026-05-11 00:00:00,3.845278475612647
VSP-602,21,2026-05-18 00:00:00,0
VSP-602,22,2026-05-25 00:00:00,0
VSP-602,23,2026-06-01 00:00:00,0
VSP-602,24,2026-06-08 00:00:00,3.845278475612647
VSP-602,25,2026-06-15 00:00:00,0
VSP-602,26,2026-06-22 00:00:00,0
VSP-602,27,2026-06-29 00:00:00,0
VSP-602,28,2026-07-06 00:00:00,3.845278475612647
VSP-602,29,2026-07-13 00:00:00,0
VSP-602,30,2026-07-20 00:00:00,0
VSP-602,31,2026-07-27 00:00:00,3.845278475612647
VSP-602,32,2026-08-03 00:00:00,3.845278475612647
VSP-602,33,2026-08-10 00:00:00,0
VSP-602,34,2026-08-17 00:00:00,0
VSP-602,35,2026-08-24 00:00:00,0
VSP-603,19,2026-05-04 00:00:00,0
VSP-603,20,2026-05-11 00:00:00,0
VSP-603,21,2026-05-18 00:00:00,0
VSP-603,22,2026-05-25 00:00:00,0
VSP-603,23,2026-06-01 00:00:00,0
VSP-603,24,2026-06-08 00:00:00,0
VSP-603,25,2026-06-15 00:00:00,0
VSP-603,26,2026-06-22 00:00:00,0
VSP-603,27,2026-06-29 00:00:00,0
VSP-603,28,2026-07-06 00:00:00,0
VSP-603,29,2026-07-13 00:00:00,0
VSP-603,30,2026-07-20 00:00:00,0
VSP-603,31,2026-07-27 00:00:00,0
VSP-603,32,2026-08-03 00:00:00,0
VSP-603,33,2026-08-10 00:00:00,0
VSP-603,34,2026-08-17 00:00:00,0
VSP-603,35,2026-08-24 00:00:00,0
VSP-604,19,2026-05-04 00:00:00,0
VSP-604,20,2026-05-11 00:00:00,0
VSP-604,21,2026-05-18 00:00:00,0
VSP-604,22,2026-05-25 00:00:00,0
VSP-604,23,2026-06-01 00:00:00,0
VSP-604,24,2026-06-08 00:00:00,0
VSP-604,25,2026-06-15 00:00:00,0
VSP-604,26,2026-06-22 00:00:00,0
VSP-604,27,2026-06-29 00:00:00,0
VSP-604,28,2026-07-06 00:00:00,0
VSP-604,29,2026-07-13 00:00:00,0
VSP-604,30,2026-07-20 00:00:00,0
VSP-604,31,2026-07-27 00:00:00,0
VSP-604,32,2026-08-03 00:00:00,0
VSP-604,33,2026-08-10 00:00:00,0
VSP-604,34,2026-08-17 00:00:00,0
VSP-604,35,2026-08-24 00:00:00,0
VSP-605,19,2026-05-04 00:00:00,0
VSP-605,20,2026-05-11 00:00:00,0
VSP-605,21,2026-05-18 00:00:00,0
VSP-605,22,2026-05-25 00:00:00,0
VSP-605,23,2026-06-01 00:00:00,0
VSP-605,24,2026-06-08 00:00:00,0
VSP-605,25,2026-06-15 00:00:00,0
VSP-605,26,2026-06-22 00:00:00,0
VSP-605,27,2026-06-29 00:00:00,0
VSP-605,28,2026-07-06 00:00:00,0
VSP-605,29,2026-07-13 00:00:00,0
VSP-605,30,2026-07-20 00:00:00,0
VSP-605,31,2026-07-27 00:00:00,0
VSP-605,32,2026-08-03 00:00:00,0
VSP-605,33,2026-08-10 00:00:00,0
VSP-605,34,2026-08-17 00:00:00,0
VSP-605,35,2026-08-24 00:00:00,0
VSP-606,19,2026-05-04 00:00:00,0
VSP-606,20,2026-05-11 00:00:00,0
VSP-606,21,2026-05-18 00:00:00,0
VSP-606,22,2026-05-25 00:00:00,0
VSP-606,23,2026-06-01 00:00:00,0
VSP-606,24,2026-06-08 00:00:00,0
VSP-606,25,2026-06-15 00:00:00,0
VSP-606,26,2026-06-22 00:00:00,0
VSP-606,27,2026-06-29 00:00:00,0
VSP-606,28,2026-07-06 00:00:00,0
VSP-606,29,2026-07-13 00:00:00,0
VSP-606,30,2026-07-20 00:00:00,0
VSP-606,31,2026-07-27 00:00:00,0
VSP-606,32,2026-08-03 00:00:00,0
VSP-606,33,2026-08-10 00:00:00,0
VSP-606,34,2026-08-17 00:00:00,0
VSP-606,35,2026-08-24 00:00:00,0
VSP-607,19,2026-05-04 00:00:00,0
VSP-607,20,2026-05-11 00:00:00,0
VSP-607,21,2026-05-18 00:00:00,0
VSP-607,22,2026-05-25 00:00:00,0
VSP-607,23,2026-06-01 00:00:00,0
VSP-607,24,2026-06-08 00:00:00,0
VSP-607,25,2026-06-15 00:00:00,0
VSP-607,26,2026-06-22 00:00:00,0
VSP-607,27,2026-06-29 00:00:00,0
VSP-607,28,2026-07-06 00:00:00,0
VSP-607,29,2026-07-13 00:00:00,0
VSP-607,30,2026-07-20 00:00:00,0
VSP-607,31,2026-07-27 00:00:00,0
VSP-607,32,2026-08-03 00:00:00,0
VSP-607,33,2026-08-10 00:00:00,0
VSP-607,34,2026-08-17 00:00:00,0
VSP-607,35,2026-08-24 00:00:00,0
VSP-738,19,2026-05-04 00:00:00,0
VSP-738,20,2026-05-11 00:00:00,0
VSP-738,21,2026-05-18 00:00:00,0
VSP-738,22,2026-05-25 00:00:00,0
VSP-738,23,2026-06-01 00:00:00,0
VSP-738,24,2026-06-08 00:00:00,0
VSP-738,25,2026-06-15 00:00:00,0
VSP-738,26,2026-06-22 00:00:00,0
VSP-738,27,2026-06-29 00:00:00,0
VSP-738,28,2026-07-06 00:00:00,0
VSP-738,29,2026-07-13 00:00:00,0
VSP-738,30,2026-07-20 00:00:00,0
VSP-738,31,2026-07-27 00:00:00,0
VSP-738,32,2026-08-03 00:00:00,0
VSP-738,33,2026-08-10 00:00:00,0
VSP-738,34,2026-08-17 00:00:00,0
VSP-738,35,2026-08-24 00:00:00,0
VSP-739,19,2026-05-04 00:00:00,0
VSP-739,20,2026-05-11 00:00:00,0
VSP-739,21,2026-05-18 00:00:00,0
VSP-739,22,2026-05-25 00:00:00,0
VSP-739,23,2026-06-01 00:00:00,0
VSP-739,24,2026-06-08 00:00:00,0
VSP-739,25,2026-06-15 00:00:00,0
VSP-739,26,2026-06-22 00:00:00,0
VSP-739,27,2026-06-29 00:00:00,0
VSP-739,28,2026-07-06 00:00:00,0
VSP-739,29,2026-07-13 00:00:00,0
VSP-739,30,2026-07-20 00:00:00,0
VSP-739,31,2026-07-27 00:00:00,0
VSP-739,32,2026-08-03 00:00:00,0
VSP-739,33,2026-08-10 00:00:00,0
VSP-739,34,2026-08-17 00:00:00,0
VSP-739,35,2026-08-24 00:00:00,0
VSP-740,19,2026-05-04 00:00:00,0
VSP-740,20,2026-05-11 00:00:00,0
VSP-740,21,2026-05-18 00:00:00,0
VSP-740,22,2026-05-25 00:00:00,0
VSP-740,23,2026-06-01 00:00:00,0
VSP-740,24,2026-06-08 00:00:00,0
VSP-740,25,2026-06-15 00:00:00,0
VSP-740,26,2026-06-22 00:00:00,0
VSP-740,27,2026-06-29 00:00:00,0
VSP-740,28,2026-07-06 00:00:00,0
VSP-740,29,2026-07-13 00:00:00,0
VSP-740,30,2026-07-20 00:00:00,0
VSP-740,31,2026-07-27 00:00:00,0
VSP-740,32,2026-08-03 00:00:00,0
VSP-740,33,2026-08-10 00:00:00,0
VSP-740,34,2026-08-17 00:00:00,0
VSP-740,35,2026-08-24 00:00:00,0
VSP-746,19,2026-05-04 00:00:00,0
VSP-746,20,2026-05-11 00:00:00,0
VSP-746,21,2026-05-18 00:00:00,0
VSP-746,22,2026-05-25 00:00:00,0
VSP-746,23,2026-06-01 00:00:00,0
VSP-746,24,2026-06-08 00:00:00,0
VSP-746,25,2026-06-15 00:00:00,0
VSP-746,26,2026-06-22 00:00:00,0
VSP-746,27,2026-06-29 00:00:00,0
VSP-746,28,2026-07-06 00:00:00,0
VSP-746,29,2026-07-13 00:00:00,0
VSP-746,30,2026-07-20 00:00:00,0
VSP-746,31,2026-07-27 00:00:00,0
VSP-746,32,2026-08-03 00:00:00,0
VSP-746,33,2026-08-10 00:00:00,0
VSP-746,34,2026-08-17 00:00:00,0
VSP-746,35,2026-08-24 00:00:00,0
VSP-820,19,2026-05-04 00:00:00,0
VSP-820,20,2026-05-11 00:00:00,0
VSP-820,21,2026-05-18 00:00:00,0
VSP-820,22,2026-05-25 00:00:00,0
VSP-820,23,2026-06-01 00:00:00,0
VSP-820,24,2026-06-08 00:00:00,0
VSP-820,25,2026-06-15 00:00:00,0
VSP-820,26,2026-06-22 00:00:00,0
VSP-820,27,2026-06-29 00:00:00,0
VSP-820,28,2026-07-06 00:00:00,0
VSP-820,29,2026-07-13 00:00:00,0
VSP-820,30,2026-07-20 00:00:00,0
VSP-820,31,2026-07-27 00:00:00,0
VSP-820,32,2026-08-03 00:00:00,0
VSP-820,33,2026-08-10 00:00:00,0
VSP-820,34,2026-08-17 00:00:00,0
VSP-820,35,2026-08-24 00:00:00,0
VSP-822,19,2026-05-04 00:00:00,0
VSP-822,20,2026-05-11 00:00:00,0
VSP-822,21,2026-05-18 00:00:00,0
VSP-822,22,2026-05-25 00:00:00,0
VSP-822,23,2026-06-01 00:00:00,0
VSP-822,24,2026-06-08 00:00:00,0
VSP-822,25,2026-06-15 00:00:00,0
VSP-822,26,2026-06-22 00:00:00,0
VSP-822,27,2026-06-29 00:00:00,0
VSP-822,28,2026-07-06 00:00:00,0
VSP-822,29,2026-07-13 00:00:00,0
VSP-822,30,2026-07-20 00:00:00,0
VSP-822,31,2026-07-27 00:00:00,0
VSP-822,32,2026-08-03 00:00:00,0
VSP-822,33,2026-08-10 00:00:00,0
VSP-822,34,2026-08-17 00:00:00,0
VSP-822,35,2026-08-24 00:00:00,0
VSP-869,19,2026-05-04 00:00:00,0
VSP-869,20,2026-05-11 00:00:00,0
VSP-869,21,2026-05-18 00:00:00,0
VSP-869,22,2026-05-25 00:00:00,0
VSP-869,23,2026-06-01 00:00:00,0
VSP-869,24,2026-06-08 00:00:00,0
VSP-869,25,2026-06-15 00:00:00,0
VSP-869,26,2026-06-22 00:00:00,0
VSP-869,27,2026-06-29 00:00:00,0
VSP-869,28,2026-07-06 00:00:00,0
VSP-869,29,2026-07-13 00:00:00,0
VSP-869,30,2026-07-20 00:00:00,0
VSP-869,31,2026-07-27 00:00:00,0
VSP-869,32,2026-08-03 00:00:00,0
VSP-869,33,2026-08-10 00:00:00,0
VSP-869,34,2026-08-17 00:00:00,0
VSP-869,35,2026-08-24 00:00:00,0
VSP-870,19,2026-05-04 00:00:00,0
VSP-870,20,2026-05-11 00:00:00,0
VSP-870,21,2026-05-18 00:00:00,0
VSP-870,22,2026-05-25 00:00:00,0
VSP-870,23,2026-06-01 00:00:00,0
VSP-870,24,2026-06-08 00:00:00,0
VSP-870,25,2026-06-15 00:00:00,0
VSP-870,26,2026-06-22 00:00:00,0
VSP-870,27,2026-06-29 00:00:00,0
VSP-870,28,2026-07-06 00:00:00,0
VSP-870,29,2026-07-13 00:00:00,0
VSP-870,30,2026-07-20 00:00:00,0
VSP-870,31,2026-07-27 00:00:00,0
VSP-870,32,2026-08-03 00:00:00,0
VSP-870,33,2026-08-10 00:00:00,0
VSP-870,34,2026-08-17 00:00:00,0
VSP-870,35,2026-08-24 00:00:00,0
VSP-910,19,2026-05-04 00:00:00,0
VSP-910,20,2026-05-11 00:00:00,0
VSP-910,21,2026-05-18 00:00:00,0
VSP-910,22,2026-05-25 00:00:00,0
VSP-910,23,2026-06-01 00:00:00,0
VSP-910,24,2026-06-08 00:00:00,0
VSP-910,25,2026-06-15 00:00:00,0
VSP-910,26,2026-06-22 00:00:00,0
VSP-910,27,2026-06-29 00:00:00,0
VSP-910,28,2026-07-06 00:00:00,0
VSP-910,29,2026-07-13 00:00:00,0
VSP-910,30,2026-07-20 00:00:00,0
VSP-910,31,2026-07-27 00:00:00,0
VSP-910,32,2026-08-03 00:00:00,0
VSP-910,33,2026-08-10 00:00:00,0
VSP-910,34,2026-08-17 00:00:00,0
VSP-910,35,2026-08-24 00:00:00,0
VSP-989,19,2026-05-04 00:00:00,0
VSP-989,20,2026-05-11 00:00:00,0
VSP-989,21,2026-05-18 00:00:00,0
VSP-989,22,2026-05-25 00:00:00,0
VSP-989,23,2026-06-01 00:00:00,0
VSP-989,24,2026-06-08 00:00:00,0
VSP-989,25,2026-06-15 00:00:00,0
VSP-989,26,2026-06-22 00:00:00,0
VSP-989,27,2026-06-29 00:00:00,0
VSP-989,28,2026-07-06 00:00:00,0
VSP-989,29,2026-07-13 00:00:00,0
VSP-989,30,2026-07-20 00:00:00,0
VSP-989,31,2026-07-27 00:00:00,0
VSP-989,32,2026-08-03 00:00:00,0
VSP-989,33,2026-08-10 00:00:00,0
VSP-989,34,2026-08-17 00:00:00,0
VSP-989,35,2026-08-24 00:00:00,0
VSP-990,19,2026-05-04 00:00:00,0
VSP-990,20,2026-05-11 00:00:00,0
VSP-990,21,2026-05-18 00:00:00,0
VSP-990,22,2026-05-25 00:00:00,0
VSP-990,23,2026-06-01 00:00:00,0
VSP-990,24,2026-06-08 00:00:00,0
VSP-990,25,2026-06-15 00:00:00,0
VSP-990,26,2026-06-22 00:00:00,0
VSP-990,27,2026-06-29 00:00:00,0
VSP-990,28,2026-07-06 00:00:00,0
VSP-990,29,2026-07-13 00:00:00,0
VSP-990,30,2026-07-20 00:00:00,0
VSP-990,31,2026-07-27 00:00:00,0
VSP-990,32,2026-08-03 00:00:00,0
VSP-990,33,2026-08-10 00:00:00,0
VSP-990,34,2026-08-17 00:00:00,0
VSP-990,35,2026-08-24 00:00:00,0
VSZ-745,19,2026-05-04 00:00:00,0
VSZ-745,20,2026-05-11 00:00:00,0
VSZ-745,21,2026-05-18 00:00:00,0
VSZ-745,22,2026-05-25 00:00:00,0
VSZ-745,23,2026-06-01 00:00:00,0
VSZ-745,24,2026-06-08 00:00:00,0
VSZ-745,25,2026-06-15 00:00:00,0
VSZ-745,26,2026-06-22 00:00:00,0
VSZ-745,27,2026-06-29 00:00:00,0
VSZ-745,28,2026-07-06 00:00:00,0
VSZ-745,29,2026-07-13 00:00:00,0
VSZ-745,30,2026-07-20 00:00:00,0
VSZ-745,31,2026-07-27 00:00:00,0
VSZ-745,32,2026-08-03 00:00:00,0
VSZ-745,33,2026-08-10 00:00:00,0
VSZ-745,34,2026-08-17 00:00:00,0
VSZ-745,35,2026-08-24 00:00:00,0
TPP-103,19,2026-05-04 00:00:00,0
TPP-103,20,2026-05-11 00:00:00,0
TPP-103,21,2026-05-18 00:00:00,0
TPP-103,22,2026-05-25 00:00:00,0
TPP-103,23,2026-06-01 00:00:00,0
TPP-103,24,2026-06-08 00:00:00,0
TPP-103,25,2026-06-15 00:00:00,0
TPP-103,26,2026-06-22 00:00:00,0
TPP-103,27,2026-06-29 00:00:00,0
TPP-103,28,2026-07-06 00:00:00,0
TPP-103,29,2026-07-13 00:00:00,0
TPP-103,30,2026-07-20 00:00:00,0
TPP-103,31,2026-07-27 00:00:00,0
TPP-103,32,2026-08-03 00:00:00,0
TPP-103,33,2026-08-10 00:00:00,0
TPP-103,34,2026-08-17 00:00:00,0
TPP-103,35,2026-08-24 00:00:00,0
TPP-190,19,2026-05-04 00:00:00,0
TPP-190,20,2026-05-11 00:00:00,0
TPP-190,21,2026-05-18 00:00:00,0
TPP-190,22,2026-05-25 00:00:00,0
TPP-190,23,2026-06-01 00:00:00,0
TPP-190,24,2026-06-08 00:00:00,0
TPP-190,25,2026-06-15 00:00:00,0
TPP-190,26,2026-06-22 00:00:00,0
TPP-190,27,2026-06-29 00:00:00,0
TPP-190,28,2026-07-06 00:00:00,0
TPP-190,29,2026-07-13 00:00:00,0
TPP-190,30,2026-07-20 00:00:00,0
TPP-190,31,2026-07-27 00:00:00,0
TPP-190,32,2026-08-03 00:00:00,0
TPP-190,33,2026-08-10 00:00:00,0
TPP-190,34,2026-08-17 00:00:00,0
TPP-190,35,2026-08-24 00:00:00,0
TPP-204,19,2026-05-04 00:00:00,0
TPP-204,20,2026-05-11 00:00:00,0
TPP-204,21,2026-05-18 00:00:00,0
TPP-204,22,2026-05-25 00:00:00,0
TPP-204,23,2026-06-01 00:00:00,0
TPP-204,24,2026-06-08 00:00:00,0
TPP-204,25,2026-06-15 00:00:00,0
TPP-204,26,2026-06-22 00:00:00,0
TPP-204,27,2026-06-29 00:00:00,0
TPP-204,28,2026-07-06 00:00:00,0
TPP-204,29,2026-07-13 00:00:00,0
TPP-204,30,2026-07-20 00:00:00,0
TPP-204,31,2026-07-27 00:00:00,0
TPP-204,32,2026-08-03 00:00:00,0
TPP-204,33,2026-08-10 00:00:00,0
TPP-204,34,2026-08-17 00:00:00,0
TPP-204,35,2026-08-24 00:00:00,0
TPP-350,19,2026-05-04 00:00:00,0
TPP-350,20,2026-05-11 00:00:00,0
TPP-350,21,2026-05-18 00:00:00,0
TPP-350,22,2026-05-25 00:00:00,0
TPP-350,23,2026-06-01 00:00:00,0
TPP-350,24,2026-06-08 00:00:00,0
TPP-350,25,2026-06-15 00:00:00,0
TPP-350,26,2026-06-22 00:00:00,0
TPP-350,27,2026-06-29 00:00:00,0
TPP-350,28,2026-07-06 00:00:00,0
TPP-350,29,2026-07-13 00:00:00,0
TPP-350,30,2026-07-20 00:00:00,0
TPP-350,31,2026-07-27 00:00:00,0
TPP-350,32,2026-08-03 00:00:00,0
TPP-350,33,2026-08-10 00:00:00,0
TPP-350,34,2026-08-17 00:00:00,0
TPP-350,35,2026-08-24 00:00:00,0
TPP-356,19,2026-05-04 00:00:00,0
TPP-356,20,2026-05-11 00:00:00,0
TPP-356,21,2026-05-18 00:00:00,0
TPP-356,22,2026-05-25 00:00:00,0
TPP-356,23,2026-06-01 00:00:00,0
TPP-356,24,2026-06-08 00:00:00,0
TPP-356,25,2026-06-15 00:00:00,0
TPP-356,26,2026-06-22 00:00:00,0
TPP-356,27,2026-06-29 00:00:00,0
TPP-356,28,2026-07-06 00:00:00,0
TPP-356,29,2026-07-13 00:00:00,0
TPP-356,30,2026-07-20 00:00:00,0
TPP-356,31,2026-07-27 00:00:00,0
TPP-356,32,2026-08-03 00:00:00,0
TPP-356,33,2026-08-10 00:00:00,0
TPP-356,34,2026-08-17 00:00:00,0
TPP-356,35,2026-08-24 00:00:00,0
TPP-358,19,2026-05-04 00:00:00,0
TPP-358,20,2026-05-11 00:00:00,0
TPP-358,21,2026-05-18 00:00:00,0
TPP-358,22,2026-05-25 00:00:00,0
TPP-358,23,2026-06-01 00:00:00,0
TPP-358,24,2026-06-08 00:00:00,0
TPP-358,25,2026-06-15 00:00:00,0
TPP-358,26,2026-06-22 00:00:00,0
TPP-358,27,2026-06-29 00:00:00,0
TPP-358,28,2026-07-06 00:00:00,0
TPP-358,29,2026-07-13 00:00:00,0
TPP-358,30,2026-07-20 00:00:00,0
TPP-358,31,2026-07-27 00:00:00,0
TPP-358,32,2026-08-03 00:00:00,0
TPP-358,33,2026-08-10 00:00:00,0
TPP-358,34,2026-08-17 00:00:00,0
TPP-358,35,2026-08-24 00:00:00,0
TPP-527,19,2026-05-04 00:00:00,0
TPP-527,20,2026-05-11 00:00:00,0
TPP-527,21,2026-05-18 00:00:00,0
TPP-527,22,2026-05-25 00:00:00,0
TPP-527,23,2026-06-01 00:00:00,0
TPP-527,24,2026-06-08 00:00:00,0
TPP-527,25,2026-06-15 00:00:00,0
TPP-527,26,2026-06-22 00:00:00,0
TPP-527,27,2026-06-29 00:00:00,0
TPP-527,28,2026-07-06 00:00:00,0
TPP-527,29,2026-07-13 00:00:00,0
TPP-527,30,2026-07-20 00:00:00,0
TPP-527,31,2026-07-27 00:00:00,0
TPP-527,32,2026-08-03 00:00:00,0
TPP-527,33,2026-08-10 00:00:00,0
TPP-527,34,2026-08-17 00:00:00,0
TPP-527,35,2026-08-24 00:00:00,0
TPP-533,19,2026-05-04 00:00:00,0
TPP-533,20,2026-05-11 00:00:00,0
TPP-533,21,2026-05-18 00:00:00,0
TPP-533,22,2026-05-25 00:00:00,0
TPP-533,23,2026-06-01 00:00:00,0
TPP-533,24,2026-06-08 00:00:00,0
TPP-533,25,2026-06-15 00:00:00,0
TPP-533,26,2026-06-22 00:00:00,0
TPP-533,27,2026-06-29 00:00:00,0
TPP-533,28,2026-07-06 00:00:00,0
TPP-533,29,2026-07-13 00:00:00,0
TPP-533,30,2026-07-20 00:00:00,0
TPP-533,31,2026-07-27 00:00:00,0
TPP-533,32,2026-08-03 00:00:00,0
TPP-533,33,2026-08-10 00:00:00,0
TPP-533,34,2026-08-17 00:00:00,0
TPP-533,35,2026-08-24 00:00:00,0
TPP-537,19,2026-05-04 00:00:00,0
TPP-537,20,2026-05-11 00:00:00,0
TPP-537,21,2026-05-18 00:00:00,0
TPP-537,22,2026-05-25 00:00:00,0
TPP-537,23,2026-06-01 00:00:00,0
TPP-537,24,2026-06-08 00:00:00,0
TPP-537,25,2026-06-15 00:00:00,0
TPP-537,26,2026-06-22 00:00:00,0
TPP-537,27,2026-06-29 00:00:00,0
TPP-537,28,2026-07-06 00:00:00,0
TPP-537,29,2026-07-13 00:00:00,0
TPP-537,30,2026-07-20 00:00:00,0
TPP-537,31,2026-07-27 00:00:00,0
TPP-537,32,2026-08-03 00:00:00,0
TPP-537,33,2026-08-10 00:00:00,0
TPP-537,34,2026-08-17 00:00:00,0
TPP-537,35,2026-08-24 00:00:00,0
TPP-609,19,2026-05-04 00:00:00,0
TPP-609,20,2026-05-11 00:00:00,0
TPP-609,21,2026-05-18 00:00:00,0
TPP-609,22,2026-05-25 00:00:00,0
TPP-609,23,2026-06-01 00:00:00,0
TPP-609,24,2026-06-08 00:00:00,0
TPP-609,25,2026-06-15 00:00:00,0
TPP-609,26,2026-06-22 00:00:00,0
TPP-609,27,2026-06-29 00:00:00,0
TPP-609,28,2026-07-06 00:00:00,0
TPP-609,29,2026-07-13 00:00:00,0
TPP-609,30,2026-07-20 00:00:00,0
TPP-609,31,2026-07-27 00:00:00,0
TPP-609,32,2026-08-03 00:00:00,0
TPP-609,33,2026-08-10 00:00:00,0
TPP-609,34,2026-08-17 00:00:00,0
TPP-609,35,2026-08-24 00:00:00,0
TPP-1459,19,2026-05-04 00:00:00,2
TPP-1459,20,2026-05-11 00:00:00,2
TPP-1459,21,2026-05-18 00:00:00,0
TPP-1459,22,2026-05-25 00:00:00,0
TPP-1459,23,2026-06-01 00:00:00,0
TPP-1459,24,2026-06-08 00:00:00,3
TPP-1459,25,2026-06-15 00:00:00,0
TPP-1459,26,2026-06-22 00:00:00,2
TPP-1459,27,2026-06-29 00:00:00,0
TPP-1459,28,2026-07-06 00:00:00,0
TPP-1459,29,2026-07-13 00:00:00,0
TPP-1459,30,2026-07-20 00:00:00,0
TPP-1459,31,2026-07-27 00:00:00,4
TPP-1459,32,2026-08-03 00:00:00,0
TPP-1459,33,2026-08-10 00:00:00,0
TPP-1459,34,2026-08-17 00:00:00,0
TPP-1459,35,2026-08-24 00:00:00,2
TPP-1466,19,2026-05-04 00:00:00,0
TPP-1466,20,2026-05-11 00:00:00,0
TPP-1466,21,2026-05-18 00:00:00,0
TPP-1466,22,2026-05-25 00:00:00,0
TPP-1466,23,2026-06-01 00:00:00,0
TPP-1466,24,2026-06-08 00:00:00,0
TPP-1466,25,2026-06-15 00:00:00,0
TPP-1466,26,2026-06-22 00:00:00,0
TPP-1466,27,2026-06-29 00:00:00,0
TPP-1466,28,2026-07-06 00:00:00,0
TPP-1466,29,2026-07-13 00:00:00,0
TPP-1466,30,2026-07-20 00:00:00,0
TPP-1466,31,2026-07-27 00:00:00,0
TPP-1466,32,2026-08-03 00:00:00,0
TPP-1466,33,2026-08-10 00:00:00,0
TPP-1466,34,2026-08-17 00:00:00,0
TPP-1466,35,2026-08-24 00:00:00,0
TPP-635,19,2026-05-04 00:00:00,0
TPP-635,20,2026-05-11 00:00:00,0
TPP-635,21,2026-05-18 00:00:00,0
TPP-635,22,2026-05-25 00:00:00,0
TPP-635,23,2026-06-01 00:00:00,0
TPP-635,24,2026-06-08 00:00:00,0
TPP-635,25,2026-06-15 00:00:00,0
TPP-635,26,2026-06-22 00:00:00,0
TPP-635,27,2026-06-29 00:00:00,0
TPP-635,28,2026-07-06 00:00:00,0
TPP-635,29,2026-07-13 00:00:00,0
TPP-635,30,2026-07-20 00:00:00,0
TPP-635,31,2026-07-27 00:00:00,0
TPP-635,32,2026-08-03 00:00:00,0
TPP-635,33,2026-08-10 00:00:00,0
TPP-635,34,2026-08-17 00:00:00,0
TPP-635,35,2026-08-24 00:00:00,0
TPP-649,19,2026-05-04 00:00:00,4
TPP-649,20,2026-05-11 00:00:00,2
TPP-649,21,2026-05-18 00:00:00,2
TPP-649,22,2026-05-25 00:00:00,4
TPP-649,23,2026-06-01 00:00:00,4
TPP-649,24,2026-06-08 00:00:00,0
TPP-649,25,2026-06-15 00:00:00,0
TPP-649,26,2026-06-22 00:00:00,4
TPP-649,27,2026-06-29 00:00:00,0
TPP-649,28,2026-07-06 00:00:00,4
TPP-649,29,2026-07-13 00:00:00,2
TPP-649,30,2026-07-20 00:00:00,4
TPP-649,31,2026-07-27 00:00:00,0
TPP-649,32,2026-08-03 00:00:00,4
TPP-649,33,2026-08-10 00:00:00,4
TPP-649,34,2026-08-17 00:00:00,0
TPP-649,35,2026-08-24 00:00:00,4
TPP-650,19,2026-05-04 00:00:00,0
TPP-650,20,2026-05-11 00:00:00,0
TPP-650,21,2026-05-18 00:00:00,0
TPP-650,22,2026-05-25 00:00:00,2
TPP-650,23,2026-06-01 00:00:00,0
TPP-650,24,2026-06-08 00:00:00,2
TPP-650,25,2026-06-15 00:00:00,0
TPP-650,26,2026-06-22 00:00:00,4
TPP-650,27,2026-06-29 00:00:00,0
TPP-650,28,2026-07-06 00:00:00,4
TPP-650,29,2026-07-13 00:00:00,2
TPP-650,30,2026-07-20 00:00:00,4
TPP-650,31,2026-07-27 00:00:00,0
TPP-650,32,2026-08-03 00:00:00,4
TPP-650,33,2026-08-10 00:00:00,4
TPP-650,34,2026-08-17 00:00:00,0
TPP-650,35,2026-08-24 00:00:00,4
TPP-699,19,2026-05-04 00:00:00,0
TPP-699,20,2026-05-11 00:00:00,0
TPP-699,21,2026-05-18 00:00:00,0
TPP-699,22,2026-05-25 00:00:00,0
TPP-699,23,2026-06-01 00:00:00,0
TPP-699,24,2026-06-08 00:00:00,0
TPP-699,25,2026-06-15 00:00:00,0
TPP-699,26,2026-06-22 00:00:00,0
TPP-699,27,2026-06-29 00:00:00,0
TPP-699,28,2026-07-06 00:00:00,0
TPP-699,29,2026-07-13 00:00:00,0
TPP-699,30,2026-07-20 00:00:00,0
TPP-699,31,2026-07-27 00:00:00,0
TPP-699,32,2026-08-03 00:00:00,0
TPP-699,33,2026-08-10 00:00:00,0
TPP-699,34,2026-08-17 00:00:00,0
TPP-699,35,2026-08-24 00:00:00,0
TPP-700,19,2026-05-04 00:00:00,0
TPP-700,20,2026-05-11 00:00:00,0
TPP-700,21,2026-05-18 00:00:00,0
TPP-700,22,2026-05-25 00:00:00,0
TPP-700,23,2026-06-01 00:00:00,0
TPP-700,24,2026-06-08 00:00:00,0
TPP-700,25,2026-06-15 00:00:00,0
TPP-700,26,2026-06-22 00:00:00,0
TPP-700,27,2026-06-29 00:00:00,0
TPP-700,28,2026-07-06 00:00:00,0
TPP-700,29,2026-07-13 00:00:00,0
TPP-700,30,2026-07-20 00:00:00,0
TPP-700,31,2026-07-27 00:00:00,0
TPP-700,32,2026-08-03 00:00:00,0
TPP-700,33,2026-08-10 00:00:00,0
TPP-700,34,2026-08-17 00:00:00,0
TPP-700,35,2026-08-24 00:00:00,0
TPP-701,19,2026-05-04 00:00:00,0
TPP-701,20,2026-05-11 00:00:00,0
TPP-701,21,2026-05-18 00:00:00,0
TPP-701,22,2026-05-25 00:00:00,0
TPP-701,23,2026-06-01 00:00:00,0
TPP-701,24,2026-06-08 00:00:00,0
TPP-701,25,2026-06-15 00:00:00,0
TPP-701,26,2026-06-22 00:00:00,0
TPP-701,27,2026-06-29 00:00:00,0
TPP-701,28,2026-07-06 00:00:00,0
TPP-701,29,2026-07-13 00:00:00,0
TPP-701,30,2026-07-20 00:00:00,0
TPP-701,31,2026-07-27 00:00:00,0
TPP-701,32,2026-08-03 00:00:00,0
TPP-701,33,2026-08-10 00:00:00,0
TPP-701,34,2026-08-17 00:00:00,0
TPP-701,35,2026-08-24 00:00:00,0
TPP-704,19,2026-05-04 00:00:00,0
TPP-704,20,2026-05-11 00:00:00,0
TPP-704,21,2026-05-18 00:00:00,0
TPP-704,22,2026-05-25 00:00:00,0
TPP-704,23,2026-06-01 00:00:00,0
TPP-704,24,2026-06-08 00:00:00,0
TPP-704,25,2026-06-15 00:00:00,0
TPP-704,26,2026-06-22 00:00:00,0
TPP-704,27,2026-06-29 00:00:00,0
TPP-704,28,2026-07-06 00:00:00,0
TPP-704,29,2026-07-13 00:00:00,0
TPP-704,30,2026-07-20 00:00:00,0
TPP-704,31,2026-07-27 00:00:00,0
TPP-704,32,2026-08-03 00:00:00,0
TPP-704,33,2026-08-10 00:00:00,0
TPP-704,34,2026-08-17 00:00:00,0
TPP-704,35,2026-08-24 00:00:00,0
TPP-825,19,2026-05-04 00:00:00,0
TPP-825,20,2026-05-11 00:00:00,0
TPP-825,21,2026-05-18 00:00:00,0
TPP-825,22,2026-05-25 00:00:00,0
TPP-825,23,2026-06-01 00:00:00,0
TPP-825,24,2026-06-08 00:00:00,0
TPP-825,25,2026-06-15 00:00:00,0
TPP-825,26,2026-06-22 00:00:00,0
TPP-825,27,2026-06-29 00:00:00,0
TPP-825,28,2026-07-06 00:00:00,0
TPP-825,29,2026-07-13 00:00:00,0
TPP-825,30,2026-07-20 00:00:00,0
TPP-825,31,2026-07-27 00:00:00,0
TPP-825,32,2026-08-03 00:00:00,0
TPP-825,33,2026-08-10 00:00:00,0
TPP-825,34,2026-08-17 00:00:00,0
TPP-825,35,2026-08-24 00:00:00,0
TPP-911,19,2026-05-04 00:00:00,0
TPP-911,20,2026-05-11 00:00:00,0
TPP-911,21,2026-05-18 00:00:00,0
TPP-911,22,2026-05-25 00:00:00,0
TPP-911,23,2026-06-01 00:00:00,0
TPP-911,24,2026-06-08 00:00:00,0
TPP-911,25,2026-06-15 00:00:00,0
TPP-911,26,2026-06-22 00:00:00,0
TPP-911,27,2026-06-29 00:00:00,0
TPP-911,28,2026-07-06 00:00:00,0
TPP-911,29,2026-07-13 00:00:00,0
TPP-911,30,2026-07-20 00:00:00,0
TPP-911,31,2026-07-27 00:00:00,0
TPP-911,32,2026-08-03 00:00:00,0
TPP-911,33,2026-08-10 00:00:00,0
TPP-911,34,2026-08-17 00:00:00,0
TPP-911,35,2026-08-24 00:00:00,0
TPP-912,19,2026-05-04 00:00:00,0
TPP-912,20,2026-05-11 00:00:00,0
TPP-912,21,2026-05-18 00:00:00,0
TPP-912,22,2026-05-25 00:00:00,0
TPP-912,23,2026-06-01 00:00:00,0
TPP-912,24,2026-06-08 00:00:00,0
TPP-912,25,2026-06-15 00:00:00,0
TPP-912,26,2026-06-22 00:00:00,0
TPP-912,27,2026-06-29 00:00:00,0
TPP-912,28,2026-07-06 00:00:00,2
TPP-912,29,2026-07-13 00:00:00,0
TPP-912,30,2026-07-20 00:00:00,0
TPP-912,31,2026-07-27 00:00:00,0
TPP-912,32,2026-08-03 00:00:00,0
TPP-912,33,2026-08-10 00:00:00,0
TPP-912,34,2026-08-17 00:00:00,2
TPP-912,35,2026-08-24 00:00:00,0
TPP-914,19,2026-05-04 00:00:00,0
TPP-914,20,2026-05-11 00:00:00,0
TPP-914,21,2026-05-18 00:00:00,0
TPP-914,22,2026-05-25 00:00:00,0
TPP-914,23,2026-06-01 00:00:00,0
TPP-914,24,2026-06-08 00:00:00,0
TPP-914,25,2026-06-15 00:00:00,0
TPP-914,26,2026-06-22 00:00:00,0
TPP-914,27,2026-06-29 00:00:00,0
TPP-914,28,2026-07-06 00:00:00,0
TPP-914,29,2026-07-13 00:00:00,0
TPP-914,30,2026-07-20 00:00:00,0
TPP-914,31,2026-07-27 00:00:00,0
TPP-914,32,2026-08-03 00:00:00,0
TPP-914,33,2026-08-10 00:00:00,0
TPP-914,34,2026-08-17 00:00:00,0
TPP-914,35,2026-08-24 00:00:00,0
TPP-915,19,2026-05-04 00:00:00,0
TPP-915,20,2026-05-11 00:00:00,0
TPP-915,21,2026-05-18 00:00:00,0
TPP-915,22,2026-05-25 00:00:00,0
TPP-915,23,2026-06-01 00:00:00,0
TPP-915,24,2026-06-08 00:00:00,0
TPP-915,25,2026-06-15 00:00:00,0
TPP-915,26,2026-06-22 00:00:00,0
TPP-915,27,2026-06-29 00:00:00,0
TPP-915,28,2026-07-06 00:00:00,0
TPP-915,29,2026-07-13 00:00:00,0
TPP-915,30,2026-07-20 00:00:00,0
TPP-915,31,2026-07-27 00:00:00,0
TPP-915,32,2026-08-03 00:00:00,2
TPP-915,33,2026-08-10 00:00:00,0
TPP-915,34,2026-08-17 00:00:00,0
TPP-915,35,2026-08-24 00:00:00,0
TPP-916,19,2026-05-04 00:00:00,0
TPP-916,20,2026-05-11 00:00:00,0
TPP-916,21,2026-05-18 00:00:00,0
TPP-916,22,2026-05-25 00:00:00,0
TPP-916,23,2026-06-01 00:00:00,0
TPP-916,24,2026-06-08 00:00:00,0
TPP-916,25,2026-06-15 00:00:00,0
TPP-916,26,2026-06-22 00:00:00,0
TPP-916,27,2026-06-29 00:00:00,0
TPP-916,28,2026-07-06 00:00:00,0
TPP-916,29,2026-07-13 00:00:00,0
TPP-916,30,2026-07-20 00:00:00,0
TPP-916,31,2026-07-27 00:00:00,0
TPP-916,32,2026-08-03 00:00:00,0
TPP-916,33,2026-08-10 00:00:00,0
TPP-916,34,2026-08-17 00:00:00,0
TPP-916,35,2026-08-24 00:00:00,0
TPP-917,19,2026-05-04 00:00:00,0
TPP-917,20,2026-05-11 00:00:00,0
TPP-917,21,2026-05-18 00:00:00,4
TPP-917,22,2026-05-25 00:00:00,0
TPP-917,23,2026-06-01 00:00:00,0
TPP-917,24,2026-06-08 00:00:00,0
TPP-917,25,2026-06-15 00:00:00,0
TPP-917,26,2026-06-22 00:00:00,0
TPP-917,27,2026-06-29 00:00:00,0
TPP-917,28,2026-07-06 00:00:00,0
TPP-917,29,2026-07-13 00:00:00,0
TPP-917,30,2026-07-20 00:00:00,4
TPP-917,31,2026-07-27 00:00:00,0
TPP-917,32,2026-08-03 00:00:00,0
TPP-917,33,2026-08-10 00:00:00,0
TPP-917,34,2026-08-17 00:00:00,0
TPP-917,35,2026-08-24 00:00:00,0
TPP-919,19,2026-05-04 00:00:00,0
TPP-919,20,2026-05-11 00:00:00,0
TPP-919,21,2026-05-18 00:00:00,0
TPP-919,22,2026-05-25 00:00:00,0
TPP-919,23,2026-06-01 00:00:00,0
TPP-919,24,2026-06-08 00:00:00,0
TPP-919,25,2026-06-15 00:00:00,0
TPP-919,26,2026-06-22 00:00:00,0
TPP-919,27,2026-06-29 00:00:00,0
TPP-919,28,2026-07-06 00:00:00,0
TPP-919,29,2026-07-13 00:00:00,0
TPP-919,30,2026-07-20 00:00:00,0
TPP-919,31,2026-07-27 00:00:00,0
TPP-919,32,2026-08-03 00:00:00,0
TPP-919,33,2026-08-10 00:00:00,0
TPP-919,34,2026-08-17 00:00:00,0
TPP-919,35,2026-08-24 00:00:00,0
TPP-920,19,2026-05-04 00:00:00,0
TPP-920,20,2026-05-11 00:00:00,0
TPP-920,21,2026-05-18 00:00:00,0
TPP-920,22,2026-05-25 00:00:00,3
TPP-920,23,2026-06-01 00:00:00,0
TPP-920,24,2026-06-08 00:00:00,0
TPP-920,25,2026-06-15 00:00:00,0
TPP-920,26,2026-06-22 00:00:00,0
TPP-920,27,2026-06-29 00:00:00,0
TPP-920,28,2026-07-06 00:00:00,0
TPP-920,29,2026-07-13 00:00:00,0
TPP-920,30,2026-07-20 00:00:00,0
TPP-920,31,2026-07-27 00:00:00,0
TPP-920,32,2026-08-03 00:00:00,0
TPP-920,33,2026-08-10 00:00:00,0
TPP-920,34,2026-08-17 00:00:00,3
TPP-920,35,2026-08-24 00:00:00,0
TPP-922,19,2026-05-04 00:00:00,0
TPP-922,20,2026-05-11 00:00:00,0
TPP-922,21,2026-05-18 00:00:00,0
TPP-922,22,2026-05-25 00:00:00,0
TPP-922,23,2026-06-01 00:00:00,0
TPP-922,24,2026-06-08 00:00:00,0
TPP-922,25,2026-06-15 00:00:00,0
TPP-922,26,2026-06-22 00:00:00,0
TPP-922,27,2026-06-29 00:00:00,0
TPP-922,28,2026-07-06 00:00:00,0
TPP-922,29,2026-07-13 00:00:00,0
TPP-922,30,2026-07-20 00:00:00,0
TPP-922,31,2026-07-27 00:00:00,0
TPP-922,32,2026-08-03 00:00:00,0
TPP-922,33,2026-08-10 00:00:00,0
TPP-922,34,2026-08-17 00:00:00,0
TPP-922,35,2026-08-24 00:00:00,0
TPP-923,19,2026-05-04 00:00:00,0
TPP-923,20,2026-05-11 00:00:00,0
TPP-923,21,2026-05-18 00:00:00,0
TPP-923,22,2026-05-25 00:00:00,4
TPP-923,23,2026-06-01 00:00:00,0
TPP-923,24,2026-06-08 00:00:00,0
TPP-923,25,2026-06-15 00:00:00,0
TPP-923,26,2026-06-22 00:00:00,0
TPP-923,27,2026-06-29 00:00:00,0
TPP-923,28,2026-07-06 00:00:00,0
TPP-923,29,2026-07-13 00:00:00,0
TPP-923,30,2026-07-20 00:00:00,0
TPP-923,31,2026-07-27 00:00:00,0
TPP-923,32,2026-08-03 00:00:00,0
TPP-923,33,2026-08-10 00:00:00,0
TPP-923,34,2026-08-17 00:00:00,4
TPP-923,35,2026-08-24 00:00:00,0
TPP-1367,19,2026-05-04 00:00:00,6
TPP-1367,20,2026-05-11 00:00:00,9
TPP-1367,21,2026-05-18 00:00:00,6
TPP-1367,22,2026-05-25 00:00:00,6
TPP-1367,23,2026-06-01 00:00:00,9
TPP-1367,24,2026-06-08 00:00:00,3
TPP-1367,25,2026-06-15 00:00:00,0
TPP-1367,26,2026-06-22 00:00:00,0
TPP-1367,27,2026-06-29 00:00:00,6
TPP-1367,28,2026-07-06 00:00:00,6
TPP-1367,29,2026-07-13 00:00:00,6
TPP-1367,30,2026-07-20 00:00:00,9
TPP-1367,31,2026-07-27 00:00:00,6
TPP-1367,32,2026-08-03 00:00:00,6
TPP-1367,33,2026-08-10 00:00:00,9
TPP-1367,34,2026-08-17 00:00:00,6
TPP-1367,35,2026-08-24 00:00:00,6
TPP-1378,19,2026-05-04 00:00:00,6
TPP-1378,20,2026-05-11 00:00:00,6
TPP-1378,21,2026-05-18 00:00:00,6
TPP-1378,22,2026-05-25 00:00:00,3
TPP-1378,23,2026-06-01 00:00:00,3
TPP-1378,24,2026-06-08 00:00:00,6
TPP-1378,25,2026-06-15 00:00:00,0
TPP-1378,26,2026-06-22 00:00:00,4
TPP-1378,27,2026-06-29 00:00:00,0
TPP-1378,28,2026-07-06 00:00:00,0
TPP-1378,29,2026-07-13 00:00:00,4
TPP-1378,30,2026-07-20 00:00:00,4
TPP-1378,31,2026-07-27 00:00:00,4
TPP-1378,32,2026-08-03 00:00:00,8
TPP-1378,33,2026-08-10 00:00:00,8
TPP-1378,34,2026-08-17 00:00:00,0
TPP-1378,35,2026-08-24 00:00:00,0
TPP-1368,19,2026-05-04 00:00:00,3
TPP-1368,20,2026-05-11 00:00:00,3
TPP-1368,21,2026-05-18 00:00:00,6
TPP-1368,22,2026-05-25 00:00:00,3
TPP-1368,23,2026-06-01 00:00:00,6
TPP-1368,24,2026-06-08 00:00:00,6
TPP-1368,25,2026-06-15 00:00:00,0
TPP-1368,26,2026-06-22 00:00:00,0
TPP-1368,27,2026-06-29 00:00:00,6
TPP-1368,28,2026-07-06 00:00:00,0
TPP-1368,29,2026-07-13 00:00:00,0
TPP-1368,30,2026-07-20 00:00:00,3
TPP-1368,31,2026-07-27 00:00:00,3
TPP-1368,32,2026-08-03 00:00:00,3
TPP-1368,33,2026-08-10 00:00:00,0
TPP-1368,34,2026-08-17 00:00:00,0
TPP-1368,35,2026-08-24 00:00:00,3
TPP-1369,19,2026-05-04 00:00:00,0
TPP-1369,20,2026-05-11 00:00:00,0
TPP-1369,21,2026-05-18 00:00:00,0
TPP-1369,22,2026-05-25 00:00:00,0
TPP-1369,23,2026-06-01 00:00:00,0
TPP-1369,24,2026-06-08 00:00:00,0
TPP-1369,25,2026-06-15 00:00:00,0
TPP-1369,26,2026-06-22 00:00:00,0
TPP-1369,27,2026-06-29 00:00:00,0
TPP-1369,28,2026-07-06 00:00:00,0
TPP-1369,29,2026-07-13 00:00:00,0
TPP-1369,30,2026-07-20 00:00:00,0
TPP-1369,31,2026-07-27 00:00:00,0
TPP-1369,32,2026-08-03 00:00:00,0
TPP-1369,33,2026-08-10 00:00:00,0
TPP-1369,34,2026-08-17 00:00:00,0
TPP-1369,35,2026-08-24 00:00:00,0
TPP-1379,19,2026-05-04 00:00:00,3
TPP-1379,20,2026-05-11 00:00:00,3
TPP-1379,21,2026-05-18 00:00:00,3
TPP-1379,22,2026-05-25 00:00:00,0
TPP-1379,23,2026-06-01 00:00:00,3
TPP-1379,24,2026-06-08 00:00:00,3
TPP-1379,25,2026-06-15 00:00:00,0
TPP-1379,26,2026-06-22 00:00:00,0
TPP-1379,27,2026-06-29 00:00:00,3
TPP-1379,28,2026-07-06 00:00:00,3
TPP-1379,29,2026-07-13 00:00:00,2
TPP-1379,30,2026-07-20 00:00:00,0
TPP-1379,31,2026-07-27 00:00:00,3
TPP-1379,32,2026-08-03 00:00:00,3
TPP-1379,33,2026-08-10 00:00:00,0
TPP-1379,34,2026-08-17 00:00:00,0
TPP-1379,35,2026-08-24 00:00:00,3
TPP-968,19,2026-05-04 00:00:00,6
TPP-968,20,2026-05-11 00:00:00,6
TPP-968,21,2026-05-18 00:00:00,6
TPP-968,22,2026-05-25 00:00:00,3
TPP-968,23,2026-06-01 00:00:00,6
TPP-968,24,2026-06-08 00:00:00,0
TPP-968,25,2026-06-15 00:00:00,0
TPP-968,26,2026-06-22 00:00:00,3
TPP-968,27,2026-06-29 00:00:00,6
TPP-968,28,2026-07-06 00:00:00,3
TPP-968,29,2026-07-13 00:00:00,6
TPP-968,30,2026-07-20 00:00:00,3
TPP-968,31,2026-07-27 00:00:00,6
TPP-968,32,2026-08-03 00:00:00,3
TPP-968,33,2026-08-10 00:00:00,6
TPP-968,34,2026-08-17 00:00:00,6
TPP-968,35,2026-08-24 00:00:00,6
TPP-970,19,2026-05-04 00:00:00,6
TPP-970,20,2026-05-11 00:00:00,6
TPP-970,21,2026-05-18 00:00:00,3
TPP-970,22,2026-05-25 00:00:00,6
TPP-970,23,2026-06-01 00:00:00,0
TPP-970,24,2026-06-08 00:00:00,3
TPP-970,25,2026-06-15 00:00:00,0
TPP-970,26,2026-06-22 00:00:00,6
TPP-970,27,2026-06-29 00:00:00,3
TPP-970,28,2026-07-06 00:00:00,0
TPP-970,29,2026-07-13 00:00:00,3
TPP-970,30,2026-07-20 00:00:00,3
TPP-970,31,2026-07-27 00:00:00,6
TPP-970,32,2026-08-03 00:00:00,3
TPP-970,33,2026-08-10 00:00:00,6
TPP-970,34,2026-08-17 00:00:00,3
TPP-970,35,2026-08-24 00:00:00,3
0T150,19,2026-05-04 00:00:00,0
0T150,20,2026-05-11 00:00:00,0
0T150,21,2026-05-18 00:00:00,0
0T150,22,2026-05-25 00:00:00,0
0T150,23,2026-06-01 00:00:00,0
0T150,24,2026-06-08 00:00:00,0
0T150,25,2026-06-15 00:00:00,0
0T150,26,2026-06-22 00:00:00,0
0T150,27,2026-06-29 00:00:00,0
0T150,28,2026-07-06 00:00:00,0
0T150,29,2026-07-13 00:00:00,0
0T150,30,2026-07-20 00:00:00,0
0T150,31,2026-07-27 00:00:00,0
0T150,32,2026-08-03 00:00:00,0
0T150,33,2026-08-10 00:00:00,0
0T150,34,2026-08-17 00:00:00,0
0T150,35,2026-08-24 00:00:00,0
0T160,19,2026-05-04 00:00:00,0
0T160,20,2026-05-11 00:00:00,0
0T160,21,2026-05-18 00:00:00,0
0T160,22,2026-05-25 00:00:00,0
0T160,23,2026-06-01 00:00:00,0
0T160,24,2026-06-08 00:00:00,0
0T160,25,2026-06-15 00:00:00,0
0T160,26,2026-06-22 00:00:00,0
0T160,27,2026-06-29 00:00:00,0
0T160,28,2026-07-06 00:00:00,0
0T160,29,2026-07-13 00:00:00,0
0T160,30,2026-07-20 00:00:00,0
0T160,31,2026-07-27 00:00:00,0
0T160,32,2026-08-03 00:00:00,0
0T160,33,2026-08-10 00:00:00,0
0T160,34,2026-08-17 00:00:00,0
0T160,35,2026-08-24 00:00:00,0
0T410,19,2026-05-04 00:00:00,0
0T410,20,2026-05-11 00:00:00,0
0T410,21,2026-05-18 00:00:00,0
0T410,22,2026-05-25 00:00:00,0
0T410,23,2026-06-01 00:00:00,0
0T410,24,2026-06-08 00:00:00,0
0T410,25,2026-06-15 00:00:00,0
0T410,26,2026-06-22 00:00:00,0
0T410,27,2026-06-29 00:00:00,0
0T410,28,2026-07-06 00:00:00,0
0T410,29,2026-07-13 00:00:00,0
0T410,30,2026-07-20 00:00:00,0
0T410,31,2026-07-27 00:00:00,0
0T410,32,2026-08-03 00:00:00,0
0T410,33,2026-08-10 00:00:00,0
0T410,34,2026-08-17 00:00:00,0
0T410,35,2026-08-24 00:00:00,0
0T420,19,2026-05-04 00:00:00,0
0T420,20,2026-05-11 00:00:00,0
0T420,21,2026-05-18 00:00:00,0
0T420,22,2026-05-25 00:00:00,0
0T420,23,2026-06-01 00:00:00,0
0T420,24,2026-06-08 00:00:00,0
0T420,25,2026-06-15 00:00:00,0
0T420,26,2026-06-22 00:00:00,0
0T420,27,2026-06-29 00:00:00,0
0T420,28,2026-07-06 00:00:00,0
0T420,29,2026-07-13 00:00:00,0
0T420,30,2026-07-20 00:00:00,0
0T420,31,2026-07-27 00:00:00,0
0T420,32,2026-08-03 00:00:00,0
0T420,33,2026-08-10 00:00:00,0
0T420,34,2026-08-17 00:00:00,0
0T420,35,2026-08-24 00:00:00,0
0T430,19,2026-05-04 00:00:00,0
0T430,20,2026-05-11 00:00:00,0
0T430,21,2026-05-18 00:00:00,0
0T430,22,2026-05-25 00:00:00,0
0T430,23,2026-06-01 00:00:00,0
0T430,24,2026-06-08 00:00:00,0
0T430,25,2026-06-15 00:00:00,0
0T430,26,2026-06-22 00:00:00,0
0T430,27,2026-06-29 00:00:00,0
0T430,28,2026-07-06 00:00:00,0
0T430,29,2026-07-13 00:00:00,0
0T430,30,2026-07-20 00:00:00,0
0T430,31,2026-07-27 00:00:00,0
0T430,32,2026-08-03 00:00:00,0
0T430,33,2026-08-10 00:00:00,0
0T430,34,2026-08-17 00:00:00,0
0T430,35,2026-08-24 00:00:00,0
0T470,19,2026-05-04 00:00:00,0
0T470,20,2026-05-11 00:00:00,0
0T470,21,2026-05-18 00:00:00,0
0T470,22,2026-05-25 00:00:00,0
0T470,23,2026-06-01 00:00:00,0
0T470,24,2026-06-08 00:00:00,0
0T470,25,2026-06-15 00:00:00,0
0T470,26,2026-06-22 00:00:00,0
0T470,27,2026-06-29 00:00:00,0
0T470,28,2026-07-06 00:00:00,0
0T470,29,2026-07-13 00:00:00,0
0T470,30,2026-07-20 00:00:00,0
0T470,31,2026-07-27 00:00:00,0
0T470,32,2026-08-03 00:00:00,0
0T470,33,2026-08-10 00:00:00,0
0T470,34,2026-08-17 00:00:00,0
0T470,35,2026-08-24 00:00:00,0
0T480,19,2026-05-04 00:00:00,0
0T480,20,2026-05-11 00:00:00,0
0T480,21,2026-05-18 00:00:00,0
0T480,22,2026-05-25 00:00:00,0
0T480,23,2026-06-01 00:00:00,0
0T480,24,2026-06-08 00:00:00,0
0T480,25,2026-06-15 00:00:00,0
0T480,26,2026-06-22 00:00:00,0
0T480,27,2026-06-29 00:00:00,0
0T480,28,2026-07-06 00:00:00,0
0T480,29,2026-07-13 00:00:00,0
0T480,30,2026-07-20 00:00:00,0
0T480,31,2026-07-27 00:00:00,0
0T480,32,2026-08-03 00:00:00,0
0T480,33,2026-08-10 00:00:00,0
0T480,34,2026-08-17 00:00:00,0
0T480,35,2026-08-24 00:00:00,0
0T870,19,2026-05-04 00:00:00,0
0T870,20,2026-05-11 00:00:00,0
0T870,21,2026-05-18 00:00:00,0
0T870,22,2026-05-25 00:00:00,0
0T870,23,2026-06-01 00:00:00,0
0T870,24,2026-06-08 00:00:00,0
0T870,25,2026-06-15 00:00:00,0
0T870,26,2026-06-22 00:00:00,0
0T870,27,2026-06-29 00:00:00,0
0T870,28,2026-07-06 00:00:00,0
0T870,29,2026-07-13 00:00:00,0
0T870,30,2026-07-20 00:00:00,0
0T870,31,2026-07-27 00:00:00,0
0T870,32,2026-08-03 00:00:00,0
0T870,33,2026-08-10 00:00:00,0
0T870,34,2026-08-17 00:00:00,0
0T870,35,2026-08-24 00:00:00,0
0T500,19,2026-05-04 00:00:00,0
0T500,20,2026-05-11 00:00:00,0
0T500,21,2026-05-18 00:00:00,0
0T500,22,2026-05-25 00:00:00,0
0T500,23,2026-06-01 00:00:00,0
0T500,24,2026-06-08 00:00:00,0
0T500,25,2026-06-15 00:00:00,0
0T500,26,2026-06-22 00:00:00,0
0T500,27,2026-06-29 00:00:00,0
0T500,28,2026-07-06 00:00:00,0
0T500,29,2026-07-13 00:00:00,0
0T500,30,2026-07-20 00:00:00,0
0T500,31,2026-07-27 00:00:00,0
0T500,32,2026-08-03 00:00:00,0
0T500,33,2026-08-10 00:00:00,0
0T500,34,2026-08-17 00:00:00,0
0T500,35,2026-08-24 00:00:00,0
0T510,19,2026-05-04 00:00:00,0
0T510,20,2026-05-11 00:00:00,0
0T510,21,2026-05-18 00:00:00,0
0T510,22,2026-05-25 00:00:00,0
0T510,23,2026-06-01 00:00:00,0
0T510,24,2026-06-08 00:00:00,0
0T510,25,2026-06-15 00:00:00,0
0T510,26,2026-06-22 00:00:00,0
0T510,27,2026-06-29 00:00:00,0
0T510,28,2026-07-06 00:00:00,0
0T510,29,2026-07-13 00:00:00,0
0T510,30,2026-07-20 00:00:00,0
0T510,31,2026-07-27 00:00:00,0
0T510,32,2026-08-03 00:00:00,0
0T510,33,2026-08-10 00:00:00,0
0T510,34,2026-08-17 00:00:00,0
0T510,35,2026-08-24 00:00:00,0
0T520,19,2026-05-04 00:00:00,0
0T520,20,2026-05-11 00:00:00,0
0T520,21,2026-05-18 00:00:00,0
0T520,22,2026-05-25 00:00:00,0
0T520,23,2026-06-01 00:00:00,0
0T520,24,2026-06-08 00:00:00,0
0T520,25,2026-06-15 00:00:00,0
0T520,26,2026-06-22 00:00:00,0
0T520,27,2026-06-29 00:00:00,0
0T520,28,2026-07-06 00:00:00,0
0T520,29,2026-07-13 00:00:00,0
0T520,30,2026-07-20 00:00:00,0
0T520,31,2026-07-27 00:00:00,0
0T520,32,2026-08-03 00:00:00,0
0T520,33,2026-08-10 00:00:00,0
0T520,34,2026-08-17 00:00:00,0
0T520,35,2026-08-24 00:00:00,0
0V250,19,2026-05-04 00:00:00,0
0V250,20,2026-05-11 00:00:00,0
0V250,21,2026-05-18 00:00:00,0
0V250,22,2026-05-25 00:00:00,0
0V250,23,2026-06-01 00:00:00,0
0V250,24,2026-06-08 00:00:00,0
0V250,25,2026-06-15 00:00:00,0
0V250,26,2026-06-22 00:00:00,0
0V250,27,2026-06-29 00:00:00,0
0V250,28,2026-07-06 00:00:00,0
0V250,29,2026-07-13 00:00:00,0
0V250,30,2026-07-20 00:00:00,0
0V250,31,2026-07-27 00:00:00,0
0V250,32,2026-08-03 00:00:00,0
0V250,33,2026-08-10 00:00:00,0
0V250,34,2026-08-17 00:00:00,0
0V250,35,2026-08-24 00:00:00,0
0W780,19,2026-05-04 00:00:00,0
0W780,20,2026-05-11 00:00:00,0
0W780,21,2026-05-18 00:00:00,0
0W780,22,2026-05-25 00:00:00,0
0W780,23,2026-06-01 00:00:00,0
0W780,24,2026-06-08 00:00:00,0
0W780,25,2026-06-15 00:00:00,0
0W780,26,2026-06-22 00:00:00,0
0W780,27,2026-06-29 00:00:00,0
0W780,28,2026-07-06 00:00:00,0
0W780,29,2026-07-13 00:00:00,0
0W780,30,2026-07-20 00:00:00,0
0W780,31,2026-07-27 00:00:00,0
0W780,32,2026-08-03 00:00:00,0
0W780,33,2026-08-10 00:00:00,0
0W780,34,2026-08-17 00:00:00,0
0W780,35,2026-08-24 00:00:00,0
0TA20,19,2026-05-04 00:00:00,0
0TA20,20,2026-05-11 00:00:00,0
0TA20,21,2026-05-18 00:00:00,0
0TA20,22,2026-05-25 00:00:00,0
0TA20,23,2026-06-01 00:00:00,0
0TA20,24,2026-06-08 00:00:00,0
0TA20,25,2026-06-15 00:00:00,0
0TA20,26,2026-06-22 00:00:00,0
0TA20,27,2026-06-29 00:00:00,0
0TA20,28,2026-07-06 00:00:00,0
0TA20,29,2026-07-13 00:00:00,0
0TA20,30,2026-07-20 00:00:00,0
0TA20,31,2026-07-27 00:00:00,0
0TA20,32,2026-08-03 00:00:00,0
0TA20,33,2026-08-10 00:00:00,0
0TA20,34,2026-08-17 00:00:00,0
0TA20,35,2026-08-24 00:00:00,0
0TA30,19,2026-05-04 00:00:00,0
0TA30,20,2026-05-11 00:00:00,0
0TA30,21,2026-05-18 00:00:00,1878
0TA30,22,2026-05-25 00:00:00,0
0TA30,23,2026-06-01 00:00:00,0
0TA30,24,2026-06-08 00:00:00,0
0TA30,25,2026-06-15 00:00:00,0
0TA30,26,2026-06-22 00:00:00,0
0TA30,27,2026-06-29 00:00:00,2352
0TA30,28,2026-07-06 00:00:00,0
0TA30,29,2026-07-13 00:00:00,0
0TA30,30,2026-07-20 00:00:00,0
0TA30,31,2026-07-27 00:00:00,0
0TA30,32,2026-08-03 00:00:00,1176
0TA30,33,2026-08-10 00:00:00,0
0TA30,34,2026-08-17 00:00:00,0
0TA30,35,2026-08-24 00:00:00,0
F0220,19,2026-05-04 00:00:00,0
F0220,20,2026-05-11 00:00:00,0
F0220,21,2026-05-18 00:00:00,0
F0220,22,2026-05-25 00:00:00,0
F0220,23,2026-06-01 00:00:00,0
F0220,24,2026-06-08 00:00:00,0
F0220,25,2026-06-15 00:00:00,0
F0220,26,2026-06-22 00:00:00,0
F0220,27,2026-06-29 00:00:00,0
F0220,28,2026-07-06 00:00:00,0
F0220,29,2026-07-13 00:00:00,0
F0220,30,2026-07-20 00:00:00,0
F0220,31,2026-07-27 00:00:00,0
F0220,32,2026-08-03 00:00:00,0
F0220,33,2026-08-10 00:00:00,0
F0220,34,2026-08-17 00:00:00,0
F0220,35,2026-08-24 00:00:00,0
F2090,19,2026-05-04 00:00:00,0
F2090,20,2026-05-11 00:00:00,5544
F2090,21,2026-05-18 00:00:00,3960
F2090,22,2026-05-25 00:00:00,6732
F2090,23,2026-06-01 00:00:00,0
F2090,24,2026-06-08 00:00:00,15840
F2090,25,2026-06-15 00:00:00,0
F2090,26,2026-06-22 00:00:00,7920
F2090,27,2026-06-29 00:00:00,5940
F2090,28,2026-07-06 00:00:00,0
F2090,29,2026-07-13 00:00:00,7920
F2090,30,2026-07-20 00:00:00,5940
F2090,31,2026-07-27 00:00:00,5940
F2090,32,2026-08-03 00:00:00,5940
F2090,33,2026-08-10 00:00:00,7920
F2090,34,2026-08-17 00:00:00,5940
F2090,35,2026-08-24 00:00:00,0
F2100,19,2026-05-04 00:00:00,0
F2100,20,2026-05-11 00:00:00,0
F2100,21,2026-05-18 00:00:00,0
F2100,22,2026-05-25 00:00:00,0
F2100,23,2026-06-01 00:00:00,0
F2100,24,2026-06-08 00:00:00,0
F2100,25,2026-06-15 00:00:00,0
F2100,26,2026-06-22 00:00:00,0
F2100,27,2026-06-29 00:00:00,0
F2100,28,2026-07-06 00:00:00,0
F2100,29,2026-07-13 00:00:00,0
F2100,30,2026-07-20 00:00:00,0
F2100,31,2026-07-27 00:00:00,0
F2100,32,2026-08-03 00:00:00,0
F2100,33,2026-08-10 00:00:00,0
F2100,34,2026-08-17 00:00:00,0
F2100,35,2026-08-24 00:00:00,0
K0030,19,2026-05-04 00:00:00,0
K0030,20,2026-05-11 00:00:00,2400
K0030,21,2026-05-18 00:00:00,0
K0030,22,2026-05-25 00:00:00,2400
K0030,23,2026-06-01 00:00:00,0
K0030,24,2026-06-08 00:00:00,0
K0030,25,2026-06-15 00:00:00,0
K0030,26,2026-06-22 00:00:00,0
K0030,27,2026-06-29 00:00:00,0
K0030,28,2026-07-06 00:00:00,0
K0030,29,2026-07-13 00:00:00,0
K0030,30,2026-07-20 00:00:00,0
K0030,31,2026-07-27 00:00:00,2400
K0030,32,2026-08-03 00:00:00,0
K0030,33,2026-08-10 00:00:00,0
K0030,34,2026-08-17 00:00:00,0
K0030,35,2026-08-24 00:00:00,0
K0050,19,2026-05-04 00:00:00,0
K0050,20,2026-05-11 00:00:00,15972
K0050,21,2026-05-18 00:00:00,16940
K0050,22,2026-05-25 00:00:00,7260
K0050,23,2026-06-01 00:00:00,9680
K0050,24,2026-06-08 00:00:00,9680
K0050,25,2026-06-15 00:00:00,0
K0050,26,2026-06-22 00:00:00,11616
K0050,27,2026-06-29 00:00:00,7744
K0050,28,2026-07-06 00:00:00,9680
K0050,29,2026-07-13 00:00:00,9680
K0050,30,2026-07-20 00:00:00,4840
K0050,31,2026-07-27 00:00:00,4840
K0050,32,2026-08-03 00:00:00,9680
K0050,33,2026-08-10 00:00:00,9680
K0050,34,2026-08-17 00:00:00,9680
K0050,35,2026-08-24 00:00:00,9680
0Q110,19,2026-05-04 00:00:00,0
0Q110,20,2026-05-11 00:00:00,0
0Q110,21,2026-05-18 00:00:00,0
0Q110,22,2026-05-25 00:00:00,0
0Q110,23,2026-06-01 00:00:00,0
0Q110,24,2026-06-08 00:00:00,0
0Q110,25,2026-06-15 00:00:00,0
0Q110,26,2026-06-22 00:00:00,0
0Q110,27,2026-06-29 00:00:00,0
0Q110,28,2026-07-06 00:00:00,0
0Q110,29,2026-07-13 00:00:00,0
0Q110,30,2026-07-20 00:00:00,0
0Q110,31,2026-07-27 00:00:00,0
0Q110,32,2026-08-03 00:00:00,0
0Q110,33,2026-08-10 00:00:00,0
0Q110,34,2026-08-17 00:00:00,0
0Q110,35,2026-08-24 00:00:00,0
0Q120,19,2026-05-04 00:00:00,0
0Q120,20,2026-05-11 00:00:00,0
0Q120,21,2026-05-18 00:00:00,0
0Q120,22,2026-05-25 00:00:00,0
0Q120,23,2026-06-01 00:00:00,0
0Q120,24,2026-06-08 00:00:00,0
0Q120,25,2026-06-15 00:00:00,0
0Q120,26,2026-06-22 00:00:00,0
0Q120,27,2026-06-29 00:00:00,0
0Q120,28,2026-07-06 00:00:00,0
0Q120,29,2026-07-13 00:00:00,0
0Q120,30,2026-07-20 00:00:00,0
0Q120,31,2026-07-27 00:00:00,0
0Q120,32,2026-08-03 00:00:00,0
0Q120,33,2026-08-10 00:00:00,0
0Q120,34,2026-08-17 00:00:00,0
0Q120,35,2026-08-24 00:00:00,0
0T690,19,2026-05-04 00:00:00,0
0T690,20,2026-05-11 00:00:00,0
0T690,21,2026-05-18 00:00:00,0
0T690,22,2026-05-25 00:00:00,0
0T690,23,2026-06-01 00:00:00,0
0T690,24,2026-06-08 00:00:00,0
0T690,25,2026-06-15 00:00:00,0
0T690,26,2026-06-22 00:00:00,0
0T690,27,2026-06-29 00:00:00,0
0T690,28,2026-07-06 00:00:00,0
0T690,29,2026-07-13 00:00:00,0
0T690,30,2026-07-20 00:00:00,0
0T690,31,2026-07-27 00:00:00,0
0T690,32,2026-08-03 00:00:00,0
0T690,33,2026-08-10 00:00:00,0
0T690,34,2026-08-17 00:00:00,0
0T690,35,2026-08-24 00:00:00,0
0T720,19,2026-05-04 00:00:00,0
0T720,20,2026-05-11 00:00:00,0
0T720,21,2026-05-18 00:00:00,0
0T720,22,2026-05-25 00:00:00,0
0T720,23,2026-06-01 00:00:00,0
0T720,24,2026-06-08 00:00:00,0
0T720,25,2026-06-15 00:00:00,0
0T720,26,2026-06-22 00:00:00,0
0T720,27,2026-06-29 00:00:00,0
0T720,28,2026-07-06 00:00:00,0
0T720,29,2026-07-13 00:00:00,0
0T720,30,2026-07-20 00:00:00,0
0T720,31,2026-07-27 00:00:00,0
0T720,32,2026-08-03 00:00:00,0
0T720,33,2026-08-10 00:00:00,0
0T720,34,2026-08-17 00:00:00,0
0T720,35,2026-08-24 00:00:00,0
0T730,19,2026-05-04 00:00:00,0
0T730,20,2026-05-11 00:00:00,0
0T730,21,2026-05-18 00:00:00,0
0T730,22,2026-05-25 00:00:00,0
0T730,23,2026-06-01 00:00:00,0
0T730,24,2026-06-08 00:00:00,0
0T730,25,2026-06-15 00:00:00,0
0T730,26,2026-06-22 00:00:00,0
0T730,27,2026-06-29 00:00:00,0
0T730,28,2026-07-06 00:00:00,0
0T730,29,2026-07-13 00:00:00,0
0T730,30,2026-07-20 00:00:00,0
0T730,31,2026-07-27 00:00:00,0
0T730,32,2026-08-03 00:00:00,0
0T730,33,2026-08-10 00:00:00,0
0T730,34,2026-08-17 00:00:00,0
0T730,35,2026-08-24 00:00:00,0
0T740,19,2026-05-04 00:00:00,0
0T740,20,2026-05-11 00:00:00,0
0T740,21,2026-05-18 00:00:00,0
0T740,22,2026-05-25 00:00:00,0
0T740,23,2026-06-01 00:00:00,0
0T740,24,2026-06-08 00:00:00,0
0T740,25,2026-06-15 00:00:00,0
0T740,26,2026-06-22 00:00:00,0
0T740,27,2026-06-29 00:00:00,0
0T740,28,2026-07-06 00:00:00,0
0T740,29,2026-07-13 00:00:00,0
0T740,30,2026-07-20 00:00:00,0
0T740,31,2026-07-27 00:00:00,0
0T740,32,2026-08-03 00:00:00,0
0T740,33,2026-08-10 00:00:00,0
0T740,34,2026-08-17 00:00:00,0
0T740,35,2026-08-24 00:00:00,0
0T750,19,2026-05-04 00:00:00,0
0T750,20,2026-05-11 00:00:00,0
0T750,21,2026-05-18 00:00:00,0
0T750,22,2026-05-25 00:00:00,0
0T750,23,2026-06-01 00:00:00,1440
0T750,24,2026-06-08 00:00:00,0
0T750,25,2026-06-15 00:00:00,0
0T750,26,2026-06-22 00:00:00,0
0T750,27,2026-06-29 00:00:00,0
0T750,28,2026-07-06 00:00:00,0
0T750,29,2026-07-13 00:00:00,1440
0T750,30,2026-07-20 00:00:00,0
0T750,31,2026-07-27 00:00:00,0
0T750,32,2026-08-03 00:00:00,1440
0T750,33,2026-08-10 00:00:00,0
0T750,34,2026-08-17 00:00:00,0
0T750,35,2026-08-24 00:00:00,1440
F2180,19,2026-05-04 00:00:00,0
F2180,20,2026-05-11 00:00:00,0
F2180,21,2026-05-18 00:00:00,0
F2180,22,2026-05-25 00:00:00,0
F2180,23,2026-06-01 00:00:00,0
F2180,24,2026-06-08 00:00:00,0
F2180,25,2026-06-15 00:00:00,0
F2180,26,2026-06-22 00:00:00,0
F2180,27,2026-06-29 00:00:00,0
F2180,28,2026-07-06 00:00:00,0
F2180,29,2026-07-13 00:00:00,0
F2180,30,2026-07-20 00:00:00,0
F2180,31,2026-07-27 00:00:00,0
F2180,32,2026-08-03 00:00:00,0
F2180,33,2026-08-10 00:00:00,0
F2180,34,2026-08-17 00:00:00,0
F2180,35,2026-08-24 00:00:00,0
F2210,19,2026-05-04 00:00:00,0
F2210,20,2026-05-11 00:00:00,0
F2210,21,2026-05-18 00:00:00,0
F2210,22,2026-05-25 00:00:00,0
F2210,23,2026-06-01 00:00:00,0
F2210,24,2026-06-08 00:00:00,0
F2210,25,2026-06-15 00:00:00,0
F2210,26,2026-06-22 00:00:00,0
F2210,27,2026-06-29 00:00:00,0
F2210,28,2026-07-06 00:00:00,0
F2210,29,2026-07-13 00:00:00,0
F2210,30,2026-07-20 00:00:00,0
F2210,31,2026-07-27 00:00:00,0
F2210,32,2026-08-03 00:00:00,0
F2210,33,2026-08-10 00:00:00,0
F2210,34,2026-08-17 00:00:00,0
F2210,35,2026-08-24 00:00:00,0
0W770,19,2026-05-04 00:00:00,0
0W770,20,2026-05-11 00:00:00,0
0W770,21,2026-05-18 00:00:00,0
0W770,22,2026-05-25 00:00:00,0
0W770,23,2026-06-01 00:00:00,0
0W770,24,2026-06-08 00:00:00,0
0W770,25,2026-06-15 00:00:00,0
0W770,26,2026-06-22 00:00:00,0
0W770,27,2026-06-29 00:00:00,0
0W770,28,2026-07-06 00:00:00,0
0W770,29,2026-07-13 00:00:00,0
0W770,30,2026-07-20 00:00:00,0
0W770,31,2026-07-27 00:00:00,0
0W770,32,2026-08-03 00:00:00,0
0W770,33,2026-08-10 00:00:00,0
0W770,34,2026-08-17 00:00:00,0
0W770,35,2026-08-24 00:00:00,0
0W750,19,2026-05-04 00:00:00,0
0W750,20,2026-05-11 00:00:00,0
0W750,21,2026-05-18 00:00:00,0
0W750,22,2026-05-25 00:00:00,0
0W750,23,2026-06-01 00:00:00,0
0W750,24,2026-06-08 00:00:00,0
0W750,25,2026-06-15 00:00:00,0
0W750,26,2026-06-22 00:00:00,0
0W750,27,2026-06-29 00:00:00,0
0W750,28,2026-07-06 00:00:00,0
0W750,29,2026-07-13 00:00:00,0
0W750,30,2026-07-20 00:00:00,0
0W750,31,2026-07-27 00:00:00,0
0W750,32,2026-08-03 00:00:00,0
0W750,33,2026-08-10 00:00:00,0
0W750,34,2026-08-17 00:00:00,0
0W750,35,2026-08-24 00:00:00,0
F3060,19,2026-05-04 00:00:00,11520
F3060,20,2026-05-11 00:00:00,11520
F3060,21,2026-05-18 00:00:00,11520
F3060,22,2026-05-25 00:00:00,11520
F3060,23,2026-06-01 00:00:00,11520
F3060,24,2026-06-08 00:00:00,0
F3060,25,2026-06-15 00:00:00,0
F3060,26,2026-06-22 00:00:00,5760
F3060,27,2026-06-29 00:00:00,5760
F3060,28,2026-07-06 00:00:00,5760
F3060,29,2026-07-13 00:00:00,5760
F3060,30,2026-07-20 00:00:00,11520
F3060,31,2026-07-27 00:00:00,11520
F3060,32,2026-08-03 00:00:00,5760
F3060,33,2026-08-10 00:00:00,11520
F3060,34,2026-08-17 00:00:00,11520
F3060,35,2026-08-24 00:00:00,11520
0T860,19,2026-05-04 00:00:00,4320
0T860,20,2026-05-11 00:00:00,0
0T860,21,2026-05-18 00:00:00,4320
0T860,22,2026-05-25 00:00:00,4320
0T860,23,2026-06-01 00:00:00,8640
0T860,24,2026-06-08 00:00:00,4320
0T860,25,2026-06-15 00:00:00,0
0T860,26,2026-06-22 00:00:00,4320
0T860,27,2026-06-29 00:00:00,4320
0T860,28,2026-07-06 00:00:00,4320
0T860,29,2026-07-13 00:00:00,4320
0T860,30,2026-07-20 00:00:00,0
0T860,31,2026-07-27 00:00:00,0
0T860,32,2026-08-03 00:00:00,4320
0T860,33,2026-08-10 00:00:00,0
0T860,34,2026-08-17 00:00:00,4320
0T860,35,2026-08-24 00:00:00,0
0T880,19,2026-05-04 00:00:00,0
0T880,20,2026-05-11 00:00:00,0
0T880,21,2026-05-18 00:00:00,0
0T880,22,2026-05-25 00:00:00,0
0T880,23,2026-06-01 00:00:00,0
0T880,24,2026-06-08 00:00:00,0
0T880,25,2026-06-15 00:00:00,0
0T880,26,2026-06-22 00:00:00,0
0T880,27,2026-06-29 00:00:00,0
0T880,28,2026-07-06 00:00:00,0
0T880,29,2026-07-13 00:00:00,0
0T880,30,2026-07-20 00:00:00,0
0T880,31,2026-07-27 00:00:00,0
0T880,32,2026-08-03 00:00:00,0
0T880,33,2026-08-10 00:00:00,0
0T880,34,2026-08-17 00:00:00,0
0T880,35,2026-08-24 00:00:00,0
F2350,19,2026-05-04 00:00:00,0
F2350,20,2026-05-11 00:00:00,3240
F2350,21,2026-05-18 00:00:00,1620
F2350,22,2026-05-25 00:00:00,0
F2350,23,2026-06-01 00:00:00,0
F2350,24,2026-06-08 00:00:00,0
F2350,25,2026-06-15 00:00:00,0
F2350,26,2026-06-22 00:00:00,0
F2350,27,2026-06-29 00:00:00,3240
F2350,28,2026-07-06 00:00:00,0
F2350,29,2026-07-13 00:00:00,0
F2350,30,2026-07-20 00:00:00,3240
F2350,31,2026-07-27 00:00:00,0
F2350,32,2026-08-03 00:00:00,0
F2350,33,2026-08-10 00:00:00,0
F2350,34,2026-08-17 00:00:00,3240
F2350,35,2026-08-24 00:00:00,0
F2290,19,2026-05-04 00:00:00,0
F2290,20,2026-05-11 00:00:00,0
F2290,21,2026-05-18 00:00:00,1980
F2290,22,2026-05-25 00:00:00,0
F2290,23,2026-06-01 00:00:00,0
F2290,24,2026-06-08 00:00:00,0
F2290,25,2026-06-15 00:00:00,0
F2290,26,2026-06-22 00:00:00,0
F2290,27,2026-06-29 00:00:00,0
F2290,28,2026-07-06 00:00:00,0
F2290,29,2026-07-13 00:00:00,0
F2290,30,2026-07-20 00:00:00,0
F2290,31,2026-07-27 00:00:00,1920
F2290,32,2026-08-03 00:00:00,0
F2290,33,2026-08-10 00:00:00,0
F2290,34,2026-08-17 00:00:00,0
F2290,35,2026-08-24 00:00:00,0
V14,19,2026-05-04 00:00:00,0
V14,20,2026-05-11 00:00:00,0
V14,21,2026-05-18 00:00:00,0
V14,22,2026-05-25 00:00:00,0
V14,23,2026-06-01 00:00:00,0
V14,24,2026-06-08 00:00:00,0
V14,25,2026-06-15 00:00:00,0
V14,26,2026-06-22 00:00:00,0
V14,27,2026-06-29 00:00:00,0
V14,28,2026-07-06 00:00:00,0
V14,29,2026-07-13 00:00:00,0
V14,30,2026-07-20 00:00:00,0
V14,31,2026-07-27 00:00:00,0
V14,32,2026-08-03 00:00:00,0
V14,33,2026-08-10 00:00:00,0
V14,34,2026-08-17 00:00:00,0
V14,35,2026-08-24 00:00:00,0
V02,19,2026-05-04 00:00:00,0
V02,20,2026-05-11 00:00:00,4032
V02,21,2026-05-18 00:00:00,0
V02,22,2026-05-25 00:00:00,0
V02,23,2026-06-01 00:00:00,0
V02,24,2026-06-08 00:00:00,4032
V02,25,2026-06-15 00:00:00,0
V02,26,2026-06-22 00:00:00,0
V02,27,2026-06-29 00:00:00,0
V02,28,2026-07-06 00:00:00,4032
V02,29,2026-07-13 00:00:00,0
V02,30,2026-07-20 00:00:00,0
V02,31,2026-07-27 00:00:00,4032
V02,32,2026-08-03 00:00:00,4032
V02,33,2026-08-10 00:00:00,0
V02,34,2026-08-17 00:00:00,0
V02,35,2026-08-24 00:00:00,0
0T390,19,2026-05-04 00:00:00,336
0T390,20,2026-05-11 00:00:00,336
0T390,21,2026-05-18 00:00:00,336
0T390,22,2026-05-25 00:00:00,0
0T390,23,2026-06-01 00:00:00,336
0T390,24,2026-06-08 00:00:00,0
0T390,25,2026-06-15 00:00:00,0
0T390,26,2026-06-22 00:00:00,336
0T390,27,2026-06-29 00:00:00,336
0T390,28,2026-07-06 00:00:00,336
0T390,29,2026-07-13 00:00:00,0
0T390,30,2026-07-20 00:00:00,336
0T390,31,2026-07-27 00:00:00,336
0T390,32,2026-08-03 00:00:00,0
0T390,33,2026-08-10 00:00:00,336
0T390,34,2026-08-17 00:00:00,336
0T390,35,2026-08-24 00:00:00,336
0C170,19,2026-05-04 00:00:00,240
0C170,20,2026-05-11 00:00:00,480
0C170,21,2026-05-18 00:00:00,0
0C170,22,2026-05-25 00:00:00,240
0C170,23,2026-06-01 00:00:00,240
0C170,24,2026-06-08 00:00:00,240
0C170,25,2026-06-15 00:00:00,240
0C170,26,2026-06-22 00:00:00,480
0C170,27,2026-06-29 00:00:00,0
0C170,28,2026-07-06 00:00:00,240
0C170,29,2026-07-13 00:00:00,480
0C170,30,2026-07-20 00:00:00,0
0C170,31,2026-07-27 00:00:00,240
0C170,32,2026-08-03 00:00:00,0
0C170,33,2026-08-10 00:00:00,240
0C170,34,2026-08-17 00:00:00,0
0C170,35,2026-08-24 00:00:00,0
20p,19,2026-05-04 00:00:00,0
20p,20,2026-05-11 00:00:00,0
20p,21,2026-05-18 00:00:00,0
20p,22,2026-05-25 00:00:00,0
20p,23,2026-06-01 00:00:00,0
20p,24,2026-06-08 00:00:00,0
20p,25,2026-06-15 00:00:00,0
20p,26,2026-06-22 00:00:00,0
20p,27,2026-06-29 00:00:00,0
20p,28,2026-07-06 00:00:00,0
20p,29,2026-07-13 00:00:00,0
20p,30,2026-07-20 00:00:00,0
20p,31,2026-07-27 00:00:00,0
20p,32,2026-08-03 00:00:00,0
20p,33,2026-08-10 00:00:00,0
20p,34,2026-08-17 00:00:00,0
20p,35,2026-08-24 00:00:00,0
SH,19,2026-05-04 00:00:00,0
SH,20,2026-05-11 00:00:00,0
SH,21,2026-05-18 00:00:00,0
SH,22,2026-05-25 00:00:00,0
SH,23,2026-06-01 00:00:00,0
SH,24,2026-06-08 00:00:00,0
SH,25,2026-06-15 00:00:00,0
SH,26,2026-06-22 00:00:00,0
SH,27,2026-06-29 00:00:00,0
SH,28,2026-07-06 00:00:00,0
SH,29,2026-07-13 00:00:00,0
SH,30,2026-07-20 00:00:00,0
SH,31,2026-07-27 00:00:00,1
SH,32,2026-08-03 00:00:00,0
SH,33,2026-08-10 00:00:00,0
SH,34,2026-08-17 00:00:00,0
SH,35,2026-08-24 00:00:00,0
SCH,19,2026-05-04 00:00:00,1
SCH,20,2026-05-11 00:00:00,1
SCH,21,2026-05-18 00:00:00,1
SCH,22,2026-05-25 00:00:00,1
SCH,23,2026-06-01 00:00:00,1
SCH,24,2026-06-08 00:00:00,0
SCH,25,2026-06-15 00:00:00,0
SCH,26,2026-06-22 00:00:00,1
SCH,27,2026-06-29 00:00:00,1
SCH,28,2026-07-06 00:00:00,0
SCH,29,2026-07-13 00:00:00,1
SCH,30,2026-07-20 00:00:00,1
SCH,31,2026-07-27 00:00:00,1
SCH,32,2026-08-03 00:00:00,1
SCH,33,2026-08-10 00:00:00,0
SCH,34,2026-08-17 00:00:00,1
SCH,35,2026-08-24 00:00:00,1
10H,19,2026-05-04 00:00:00,2
10H,20,2026-05-11 00:00:00,2
10H,21,2026-05-18 00:00:00,2
10H,22,2026-05-25 00:00:00,2
10H,23,2026-06-01 00:00:00,0
10H,24,2026-06-08 00:00:00,0
10H,25,2026-06-15 00:00:00,1
10H,26,2026-06-22 00:00:00,1
10H,27,2026-06-29 00:00:00,1
10H,28,2026-07-06 00:00:00,2
10H,29,2026-07-13 00:00:00,1
10H,30,2026-07-20 00:00:00,2
10H,31,2026-07-27 00:00:00,1
10H,32,2026-08-03 00:00:00,2
10H,33,2026-08-10 00:00:00,1
10H,34,2026-08-17 00:00:00,2
10H,35,2026-08-24 00:00:00,2
10H VW,19,2026-05-04 00:00:00,0
10H VW,20,2026-05-11 00:00:00,0
10H VW,21,2026-05-18 00:00:00,0
10H VW,22,2026-05-25 00:00:00,0
10H VW,23,2026-06-01 00:00:00,0
10H VW,24,2026-06-08 00:00:00,0
10H VW,25,2026-06-15 00:00:00,0
10H VW,26,2026-06-22 00:00:00,0
10H VW,27,2026-06-29 00:00:00,1
10H VW,28,2026-07-06 00:00:00,0
10H VW,29,2026-07-13 00:00:00,0
10H VW,30,2026-07-20 00:00:00,0
10H VW,31,2026-07-27 00:00:00,0
10H VW,32,2026-08-03 00:00:00,0
10H VW,33,2026-08-10 00:00:00,0
10H VW,34,2026-08-17 00:00:00,0
10H VW,35,2026-08-24 00:00:00,0
85d,19,2026-05-04 00:00:00,1
85d,20,2026-05-11 00:00:00,1
85d,21,2026-05-18 00:00:00,1
85d,22,2026-05-25 00:00:00,1
85d,23,2026-06-01 00:00:00,0
85d,24,2026-06-08 00:00:00,0
85d,25,2026-06-15 00:00:00,1
85d,26,2026-06-22 00:00:00,0
85d,27,2026-06-29 00:00:00,1
85d,28,2026-07-06 00:00:00,0
85d,29,2026-07-13 00:00:00,1
85d,30,2026-07-20 00:00:00,0
85d,31,2026-07-27 00:00:00,1
85d,32,2026-08-03 00:00:00,0
85d,33,2026-08-10 00:00:00,1
85d,34,2026-08-17 00:00:00,1
85d,35,2026-08-24 00:00:00,1
250d,19,2026-05-04 00:00:00,0
250d,20,2026-05-11 00:00:00,0
250d,21,2026-05-18 00:00:00,0
250d,22,2026-05-25 00:00:00,0
250d,23,2026-06-01 00:00:00,0
250d,24,2026-06-08 00:00:00,0
250d,25,2026-06-15 00:00:00,0
250d,26,2026-06-22 00:00:00,0
250d,27,2026-06-29 00:00:00,0
250d,28,2026-07-06 00:00:00,0
250d,29,2026-07-13 00:00:00,0
250d,30,2026-07-20 00:00:00,0
250d,31,2026-07-27 00:00:00,0
250d,32,2026-08-03 00:00:00,0
250d,33,2026-08-10 00:00:00,0
250d,34,2026-08-17 00:00:00,0
250d,35,2026-08-24 00:00:00,0
