Intermediate,Product_Code
TPP-103,0T150
TPP-190,0W780
TPP-204,0W780
TPP-350,0T490
TPP-350,0T500
TPP-356,0T420
TPP-356,0T470
TPP-356,0T480
TPP-356,0T490
TPP-356,0T500
TPP-358,0T420
TPP-358,0T470
TPP-358,0T490
TPP-358,0T500
TPP-527,0T480
TPP-533,0T480
TPP-537,0T480
TPP-609,F0220
TPP-609,F2100
TPP-611,F2100
TPP-613,F0220
TPP-635,0T730
TPP-649,0Q110
TPP-649,0Y460
TPP-649,F2090
TPP-650,0Q110
TPP-650,0Y460
TPP-650,F2090
TPP-699,0T510
TPP-699,0T520
TPP-700,0T430
TPP-701,0Y230
TPP-704,0T420
TPP-704,0T470
TPP-825,0T730
TPP-911,K0030
TPP-911,0T690
TPP-911,0T720
TPP-911,0T740
TPP-911,F2180
TPP-911,F2210
TPP-912,0T750
TPP-914,F2180
TPP-914,F2210
TPP-915,K0030
TPP-915,0T690
TPP-915,0T720
TPP-916,0T740
TPP-917,0T750
TPP-919,F2180
TPP-919,F2210
TPP-920,K0030
TPP-920,0T690
TPP-920,0T720
TPP-922,0T740
TPP-923,0T750
TPP-968,K0050
TPP-968,0Q120
TPP-970,K0050
TPP-970,0Q120
TPP-1367,F3060
TPP-1367,F2350
TPP-1378,F3060
TPP-1378,F2350
TPP-1378,A045
TPP-1369,F3060
TPP-1369,OT880
TPP-1379,F3060
TPP-1379,OT860
TPP-1379,OT870
TPP-1379,OT880
TPP-1368,F3060
TPP-1368,OT860
TPP-1368,OT870
TPP-1368,A045
TSP-049,0T180
TSP-049,0T410
TSP-049,0W750
TSP-050,0T180
TSP-050,0T410
TSP-050,0W750
TSP-067,0T160
TSP-069,0W770
TSP-077,0T190
TSP-078,0T160
TSP-080,0W770
TSP-089,0T190
TSP-104,0T150
TSP-105,0T150
TSP-199,0W780
TSP-205,0W780
TSP-206,0W780
TSP-224,0M060
TSP-224,0P340
TSP-224,0V250
TSP-225,0M060
TSP-225,0P340
TSP-225,0V250
TSP-360,0T490
TSP-360,0T500
TSP-367,0T420
TSP-367,0T470
TSP-367,0T480
TSP-367,0T490
TSP-367,0T500
TSP-369,0T420
TSP-369,0T470
TSP-369,0T490
TSP-369,0T500
TSP-399,0P390
TSP-402,0T520
TSP-403,0T510
TSP-404,0T430
TSP-405,0P390
TSP-405,0Y230
TSP-544,0T480
TSP-558,0T480
TSP-618,F0220
TSP-618,F2100
TSP-620,F2100
TSP-623,F0220
TSP-655,0Q110
TSP-655,0Y460
TSP-655,F2090
TSP-656,0Q110
TSP-656,0Y460
TSP-656,F2090
TSP-665,F0220
TSP-668,0T510
TSP-668,0T520
TSP-669,0T430
TSP-670,0Y230
TSP-710,0T420
TSP-710,0T470
TSP-828,0T730
TSP-903,0T730
TSP-924,0T720
TSP-924,0T740
TSP-924,F2180
TSP-924,F2210
TSP-924,K0030
TSP-925,0T750
TSP-927,F2180
TSP-927,F2210
TSP-928,K0030
TSP-928,0T720
TSP-928,OT690
TSP-929,0T740
TSP-930,0T750
TSP-934,F2180
TSP-934,F2210
TSP-934,OT690
TSP-935,0T720
TSP-935,K0030
TSP-936,0T740
TSP-937,0T750
TSP-959,0Q120
TSP-959,K0050
TSP-966,0Q120
TSP-966,K0050
TSP-1388,0T860
TSP-1388,F2350
TSP-1388,F3060
TSP-1444,F2350
TSP-1444,F3060
TSP-1448,F2350
TSP-1448,F3060
TSP-1445,0T860
TSP-1446,0T880
TSP-1449,0T880
TSP-1449,0T860
TVS-267,0T750
TVS-500,0T740
TVS-664,F2180
TVS-664,F2210
TVS-664,K0030
TVS-833,0T720
VSP-566,V03
VSP-567,V03
VSP-600,V02
VSP-601,V02
VSP-602,V02
VSP-603,V04
VSP-604,V04
VSP-605,V04
VSP-606,V05
VSP-607,V05
VSP-738,V11
VSP-739,V11
VSP-740,V11
VSP-746,V07
VSP-820,V14
VSP-820,V17
VSP-822,V14
VSP-869,V13
VSP-870,V13
VSP-910,V17
VSP-989,V18
VSP-990,V18
VSZ-745,V07
