RM_Code,PO_No,Confirmed_Qty,Latest_ETA,Received_Date,Status
CHEM-1250,PO064367,50,2025-03-13,2025-03-17,TTAF Stock
CHEM-1670,PO064367,180,2025-03-13,2025-03-17,TTAF Stock
CHEM-1700,PO064367,30,2025-03-13,2025-03-17,TTAF Stock
CHEM-1420,PO064367,160,2025-03-13,2025-03-17,TTAF Stock
CHEM-1530,PO064367,1400,2025-03-13,2025-03-17,TTAF Stock
CHEM-1540,PO064367,2500,2025-03-13,2025-03-17,TTAF Stock
CHEM-1690,PO064367,135,2025-03-13,2025-03-17,TTAF Stock
CHEM-1720,PO064367,1680,2025-03-13,2025-03-17,TTAF Stock
CHEM-1440,PO064367,100,2025-03-13,2025-03-17,TTAF Stock
PET FILM(900*1000),PO064367,10000,2025-03-13,2025-03-17,TTAF Stock
4HL,PO064353,6720,2025-04-13,2025-04-16,TTAF Stock
4HL,PO064353,5280,2025-03-25,2025-04-01,TTAF Stock
4HL,PO064353,6720,2025-03-30,2025-04-04,TTAF Stock
4HL,PO064353,480,2025-04-23,2025-04-30,TTAF Stock
4HL,PO064353,1920,2025-04-07,2025-04-15,TTAF Stock
1EK,PO064353,2880,2025-04-13,2025-04-16,TTAF Stock
1EK,PO064353,2880,2025-03-25,2025-04-01,TTAF Stock
1EK,PO064353,2880,2025-03-30,2025-04-04,TTAF Stock
1EK,PO064353,2880,2025-04-07,2025-04-15,TTAF Stock
7CL,PO064353,1620,2025-03-25,2025-04-01,TTAF Stock
9RN,PO064366,13453,2025-03-25,2025-04-04,TTAF Stock
9RN,PO064366,10428,2025-03-25,2025-04-04,TTAF Stock
9RN,PO064366,319,2025-04-25,2025-04-30,TTAF Stock
7EP,PO064366,3240,2025-03-25,2025-04-04,TTAF Stock
F2290,PO064366,4752,2025-03-25,2025-04-04,TTAF Stock
CHEM-1250,PO064582 & PO064592,50,2025-04-09,2025-04-11,TTAF Stock
CHEM-1400,PO064582 & PO064592,250,2025-04-09,2025-04-11,TTAF Stock
CHEM-1570,PO064582 & PO064592,36,2025-04-09,2025-04-11,TTAF Stock
CHEM-1650,PO064582 & PO064592,25,2025-04-09,2025-04-11,TTAF Stock
CHEM-1670,PO064582 & PO064592,180,2025-04-09,2025-04-11,TTAF Stock
CHEM-1700,PO064582 & PO064592,60,2025-04-09,2025-04-11,TTAF Stock
CHEM-1660,PO064582 & PO064592,75,2025-04-07,2025-04-16,TTAF Stock
CHEM-1420,PO064582 & PO064592,160,2025-04-09,2025-04-11,TTAF Stock
CHEM-1530,PO064582 & PO064592,1400,2025-04-09,2025-04-11,TTAF Stock
CHEM-1600,PO064582 & PO064592,700,2025-04-09,2025-04-11,TTAF Stock
CHEM-1540,PO064582 & PO064592,2500,2025-04-09,2025-04-11,TTAF Stock
CHEM-1720,PO064582 & PO064592,960,2025-04-09,2025-04-11,TTAF Stock
CHEM-1280,PO064582 & PO064592,1000,2025-04-07,2025-04-16,TTAF Stock
CHEM-1440,PO064582 & PO064592,200,2025-04-09,2025-04-11,TTAF Stock
CHEM-1240,PO064582 & PO064592,440,2025-04-09,2025-04-11,TTAF Stock
CHEM-1250,,100,2025-05-12,2025-05-23,TTAF Stock
CHEM-1570,,36,2025-05-12,2025-05-23,TTAF Stock
CHEM-1660,,135,2025-05-07,2025-05-16,TTAF Stock
CHEM-1420,,160,2025-05-12,2025-05-23,TTAF Stock
CHEM-1530,,2100,2025-05-12,2025-05-23,TTAF Stock
4HL,PO064564,8640,2025-05-23,2025-05-26,TTAF Stock
4HL,PO064564,12480,2025-05-07,2025-05-15,TTAF Stock
4HL,PO064564,3360,2025-05-04,2025-05-07,TTAF Stock
4HL,PO064564,10560,2025-05-07,2025-05-15,TTAF Stock
4HL,PO064564,5760,2025-05-07,2025-05-13,TTAF Stock
1EK,PO064564,8160,2025-05-23,2025-05-26,TTAF Stock
1EK,PO064564,6720,2025-05-07,2025-05-15,TTAF Stock
1EK,PO064564,5280,2025-05-04,2025-05-07,TTAF Stock
1EK,PO064564,8640,2025-05-07,2025-05-15,TTAF Stock
1EK,PO064564,3840,2025-05-07,2025-05-13,TTAF Stock
1EK,PO064564,960,2025-06-09,2025-06-20,TTAF Stock
1EK,PO064564,2400,2025-05-07,2025-05-14,TTAF Stock
7CL,PO064564,540,2025-05-23,2025-05-26,TTAF Stock
7CL,PO064564,1080,2025-05-04,2025-05-07,TTAF Stock
9RN,PO064594,36300,2025-04-25,2025-04-30,TTAF Stock
7EP,PO064594,3240,2025-04-25,2025-04-30,TTAF Stock
F2290,PO064594,1980,2025-04-25,2025-04-30,TTAF Stock
9RN,,7260,2025-04-25,2025-04-30,TTAF Stock
7EP,,5940,2025-04-25,2025-04-30,TTAF Stock
7EP,,540,2025-05-12,2025-05-16,TTAF Stock
F2290,,1980,2025-04-25,2025-04-30,TTAF Stock
0JN,PO064593,7920,2025-05-02,2025-05-12,TTAF Stock
0JN,,18885,2025-05-02,2025-05-07,TTAF Stock
CHEM-1250,PO064869 Haz & PO064871 Chem,200,2025-05-12,2025-05-23,TTAF Stock
CHEM-1400,PO064869 Haz & PO064871 Chem,300,2025-05-12,2025-05-23,TTAF Stock
CHEM-1570,PO064869 Haz & PO064871 Chem,36,2025-05-12,2025-05-23,TTAF Stock
CHEM-1670,PO064869 Haz & PO064871 Chem,180,2025-05-12,2025-05-23,TTAF Stock
CHEM-1700,PO064869 Haz & PO064871 Chem,60,2025-05-12,2025-05-23,TTAF Stock
CHEM-1660,PO064869 Haz & PO064871 Chem,450,2025-05-07,2025-05-16,TTAF Stock
CHEM-1420,PO064869 Haz & PO064871 Chem,160,2025-05-12,2025-05-23,TTAF Stock
CHEM-1530,PO064869 Haz & PO064871 Chem,4200,2025-05-12,2025-05-23,TTAF Stock
CHEM-1600,PO064869 Haz & PO064871 Chem,300,2025-05-12,2025-05-23,TTAF Stock
CHEM-1540,PO064869 Haz & PO064871 Chem,2500,2025-05-12,2025-05-23,TTAF Stock
CHEM-1760,PO064869 Haz & PO064871 Chem,17,2025-05-12,2025-05-23,TTAF Stock
CHEM-1690,PO064869 Haz & PO064871 Chem,135,2025-05-12,2025-05-23,TTAF Stock
CHEM-1720,PO064869 Haz & PO064871 Chem,1080,2025-05-12,2025-05-23,TTAF Stock
CHEM-1280,PO064869 Haz & PO064871 Chem,1000,2025-05-07,2025-05-16,TTAF Stock
CHEM-1440,PO064869 Haz & PO064871 Chem,150,2025-05-12,2025-05-23,TTAF Stock
CHEM-1240,PO064869 Haz & PO064871 Chem,440,2025-05-12,2025-05-23,TTAF Stock
Original Towel,PO064869 Haz & PO064871 Chem,10000,2025-05-12,2025-05-23,TTAF Stock
0LJ,PO065004,384,2025-04-05,2025-04-08,TTAF Stock
4HL,,8640,2025-05-18,2025-05-20,TTAF Stock
4HL,,8640,2025-06-17,2025-06-25,TTAF Stock
4HL,,8640,2025-05-26,2025-06-05,TTAF Stock
4HL,,8640,2025-06-14,2025-06-20,TTAF Stock
4HL,,10560,2025-05-31,2025-06-06,TTAF Stock
4HL,,480,2025-06-14,2025-06-18,TTAF Stock
1EK,,960,2025-05-18,2025-05-20,TTAF Stock
1EK,,960,2025-06-17,2025-06-25,TTAF Stock
1EK,,960,2025-05-26,2025-06-05,TTAF Stock
1EK,,960,2025-06-14,2025-06-20,TTAF Stock
1EK,,960,2025-05-31,2025-06-06,TTAF Stock
9RN,PO064870,22385,2025-05-12,2025-05-16,TTAF Stock
9RN,PO064870,21175,2025-05-26,2025-06-02,TTAF Stock
7EP,PO064870,8640,2025-05-12,2025-05-16,TTAF Stock
7EP,PO065163,2055,2025-05-12,2025-05-16,TTAF Stock
F2290,PO064870,5940,2025-05-12,2025-05-16,TTAF Stock
0JN,PO064866,7964,2025-05-28,2025-06-02,TTAF Stock
0JN,PO064866,18392,2025-05-28,2025-06-02,TTAF Stock
0JN,PO064866,19008,2025-06-21,2025-06-24,TTAF Stock
0JN,PO064866,8110,2025-07-06,2025-07-15,TTAF Stock
CHEM-1250,PO065147,50,2025-05-31,2025-06-02,TTAF Stock
CHEM-1400,PO065147,250,2025-05-31,2025-06-02,TTAF Stock
CHEM-1570,PO065147,36,2025-05-31,2025-06-02,TTAF Stock
CHEM-1670,PO065147,180,2025-05-31,2025-06-02,TTAF Stock
CHEM-1700,PO065147,60,2025-05-31,2025-06-02,TTAF Stock
CHEM-1660,PO065416,180,2025-05-31,2025-06-04,TTAF Stock
CHEM-1420,PO065147,320,2025-05-31,2025-06-02,TTAF Stock
CHEM-1530,PO065147,3500,2025-05-31,2025-06-02,TTAF Stock
CHEM-1600,PO065147,200,2025-05-31,2025-06-02,TTAF Stock
CHEM-1540,PO065147,2500,2025-05-31,2025-06-02,TTAF Stock
CHEM-1690,PO065147,135,2025-05-31,2025-06-02,TTAF Stock
CHEM-1720,PO065147,1080,2025-05-31,2025-06-02,TTAF Stock
CHEM-1280,PO065416,1000,2025-05-31,2025-06-04,TTAF Stock
CHEM-1440,PO065147,100,2025-05-31,2025-06-02,TTAF Stock
CHEM-1240,PO065147,440,2025-05-31,2025-06-02,TTAF Stock
4HL,PO065143,4800,2025-07-09,2025-07-16,TTAF Stock
4HL,PO065143,4800,2025-06-30,2025-07-04,TTAF Stock
4HL,PO065143,9600,2025-07-06,2025-07-17,TTAF Stock
1EK,PO065143,4800,2025-07-09,2025-07-16,TTAF Stock
1EK,PO065143,4800,2025-06-30,2025-07-04,TTAF Stock
1EK,PO065143,2400,2025-07-06,2025-07-17,TTAF Stock
9RN,PO065144,14355,2025-06-19,2025-06-25,TTAF Stock
9RN,PO065144,19525,2025-06-19,2025-06-25,TTAF Stock
7EP,PO065144,4320,2025-06-19,2025-06-25,TTAF Stock
F2290,PO065144,1980,2025-06-19,2025-06-25,TTAF Stock
0JN,PO065145,7853,2025-07-06,2025-07-15,TTAF Stock
CHEM-1250,PO065361 Haz & PO065381 Chem,100,2025-07-06,2025-07-15,TTAF Stock
CHEM-1400,PO065361 Haz & PO065381 Chem,100,2025-07-06,2025-07-15,TTAF Stock
CHEM-1570,PO065361 Haz & PO065381 Chem,36,2025-07-06,2025-07-15,TTAF Stock
CHEM-1670,PO065361 Haz & PO065381 Chem,180,2025-07-06,2025-07-15,TTAF Stock
CHEM-1700,PO065361 Haz & PO065381 Chem,30,2025-07-06,2025-07-15,TTAF Stock
CHEM-1660,PO065361 Haz & PO065381 Chem,90,2025-07-20,2025-07-28,TTAF Stock
CHEM-1420,PO065361 Haz & PO065381 Chem,160,2025-07-06,2025-07-15,TTAF Stock
CHEM-1530,PO065361 Haz & PO065381 Chem,1400,2025-07-06,2025-07-15,TTAF Stock
CHEM-1600,PO065361 Haz & PO065381 Chem,200,2025-07-06,2025-07-15,TTAF Stock
CHEM-1540,PO065361 Haz & PO065381 Chem,1500,2025-07-06,2025-07-15,TTAF Stock
CHEM-1690,PO065361 Haz & PO065381 Chem,135,2025-07-06,2025-07-15,TTAF Stock
CHEM-1720,PO065361 Haz & PO065381 Chem,600,2025-07-06,2025-07-15,TTAF Stock
CHEM-1280,PO065361 Haz & PO065381 Chem,1000,2025-07-20,2025-07-28,TTAF Stock
CHEM-1440,PO065361 Haz & PO065381 Chem,100,2025-07-06,2025-07-15,TTAF Stock
CHEM-1240,PO065361 Haz & PO065381 Chem,220,2025-07-06,2025-07-15,TTAF Stock
PP FILM,PO065361 Haz & PO065381 Chem,3000,2025-07-06,2025-07-15,TTAF Stock
4HL,PO065351,4800,2025-08-03,2025-08-12,TTAF Stock
4HL,PO065351,4800,2025-07-24,2025-07-30,TTAF Stock
4HL,PO065351,4800,2025-08-03,2025-08-13,TTAF Stock
4HL,PO065351,4800,2025-08-19,2025-08-21,TTAF Stock
1EK,PO065351,4800,2025-08-03,2025-08-12,TTAF Stock
1EK,PO065351,4800,2025-07-24,2025-07-30,TTAF Stock
7CL,PO065351,4860,2025-08-03,2025-08-13,TTAF Stock
9RN,PO065360,14520,2025-07-14,2025-07-23,TTAF Stock
9RN,PO065360,9680,2025-07-14,2025-07-23,TTAF Stock
F2290,PO065360,5940,2025-07-14,2025-07-23,TTAF Stock
0JN,PO065362,9783,2025-07-26,2025-07-28,TTAF Stock
0JN,PO065362,14285,2025-08-04,2025-08-20,TTAF Stock
CHEM-1250,PO065609 Haz & PO065611 Chem,100,2025-07-30,2025-08-04,TTAF Stock
CHEM-1250,PO065609 Haz & PO065611 Chem,50,2025-07-30,2025-08-04,TTAF Stock
CHEM-1400,PO065609 Haz & PO065611 Chem,500,2025-07-30,2025-08-04,TTAF Stock
CHEM-1400,PO065609 Haz & PO065611 Chem,50,2025-07-30,2025-08-04,TTAF Stock
CHEM-1570,PO065609 Haz & PO065611 Chem,36,2025-07-30,2025-08-04,TTAF Stock
CHEM-1670,PO065609 Haz & PO065611 Chem,360,2025-07-30,2025-08-04,TTAF Stock
CHEM-1700,PO065609 Haz & PO065611 Chem,120,2025-07-30,2025-08-04,TTAF Stock
CHEM-1660,PO065609 Haz & PO065611 Chem,90,2025-07-29,2025-08-20,TTAF Stock
CHEM-1660,PO065609 Haz & PO065611 Chem,90,2025-07-29,2025-08-20,TTAF Stock
CHEM-1420,PO065609 Haz & PO065611 Chem,240,2025-07-30,2025-08-04,TTAF Stock
CHEM-1420,PO065609 Haz & PO065611 Chem,80,2025-07-30,2025-08-04,TTAF Stock
CHEM-1530,PO065609 Haz & PO065611 Chem,1400,2025-07-30,2025-08-04,TTAF Stock
CHEM-1530,PO065609 Haz & PO065611 Chem,2100,2025-07-30,2025-08-04,TTAF Stock
CHEM-1600,PO065609 Haz & PO065611 Chem,100,2025-07-30,2025-08-04,TTAF Stock
CHEM-1600,PO065609 Haz & PO065611 Chem,400,2025-07-30,2025-08-04,TTAF Stock
CHEM-1540,PO065609 Haz & PO065611 Chem,3500,2025-07-30,2025-08-04,TTAF Stock
CHEM-1690,PO065609 Haz & PO065611 Chem,135,2025-07-30,2025-08-04,TTAF Stock
CHEM-1720,PO065609 Haz & PO065611 Chem,1080,2025-07-30,2025-08-04,TTAF Stock
CHEM-1720,PO065609 Haz & PO065611 Chem,240,2025-07-30,2025-08-04,TTAF Stock
CHEM-1280,PO065609 Haz & PO065611 Chem,1000,2025-07-29,2025-08-20,TTAF Stock
CHEM-1440,PO065609 Haz & PO065611 Chem,200,2025-07-30,2025-08-04,TTAF Stock
CHEM-1440,PO065609 Haz & PO065611 Chem,50,2025-07-30,2025-08-04,TTAF Stock
CHEM-1240,PO065609 Haz & PO065611 Chem,660,2025-07-30,2025-08-04,TTAF Stock
CHEM-1200,PO065609 Haz & PO065611 Chem,50,2025-07-30,2025-08-04,TTAF Stock
CHEM-1760,PO065609 Haz & PO065611 Chem,17,2025-07-30,2025-08-04,TTAF Stock
4HL,PO065606,9600,2025-09-02,2025-09-08,TTAF Stock
4HL,PO065606,9600,2025-08-25,2025-09-02,TTAF Stock
4HL,PO065606,4800,2025-09-09,2025-09-25,TTAF Stock
4HL,PO065606,4320,2025-09-19,2025-09-25,TTAF Stock
4HL,PO065606,5760,2025-09-09,2025-09-25,TTAF Stock
4HL,PO065606,9600,2025-09-23,2025-10-03,TTAF Stock
1EK,PO065606,9600,2025-09-02,2025-09-01,TTAF Stock
1EK,PO065606,9600,2025-08-25,2025-09-08,TTAF Stock
7CL,PO065606,6480,2025-09-19,2025-09-25,TTAF Stock
7CL,PO065606,3780,2025-09-09,2025-09-25,TTAF Stock
7CL,PO065606,6480,2025-09-23,2025-10-03,TTAF Stock
9RN,PO065617,12441,2025-08-25,2025-09-01,TTAF Stock
9RN,PO065617,20581,2025-08-25,2025-09-16,TTAF Stock
9RN,PO065617,15510,2025-09-25,2025-09-29,TTAF Stock
9RN,PO065617,21659,2025-09-25,2025-09-29,TTAF Stock
9RN,PO065617,7249,2025-10-10,2025-10-23,TTAF Stock
F2290,PO065617,6732,2025-08-25,2025-09-01,TTAF Stock
0JN,PO065610,15840,2025-08-25,2025-09-01,TTAF Stock
0JN,PO065610,15859,2025-09-08,2025-09-18,TTAF Stock
CHEM-1250,PO065760,150,2025-09-13,2025-09-23,TTAF Stock
CHEM-1400,PO065760,350,2025-09-13,2025-09-23,TTAF Stock
CHEM-1570,PO065760,36,2025-09-13,2025-09-23,TTAF Stock
CHEM-1670,PO065760,180,2025-09-13,2025-09-23,TTAF Stock
CHEM-1700,PO065760,60,2025-09-13,2025-09-23,TTAF Stock
CHEM-1660,PO065761,105,2025-09-13,2025-09-25,TTAF Stock
CHEM-1420,PO065760,240,2025-09-13,2025-09-23,TTAF Stock
CHEM-1530,PO065760,2100,2025-09-13,2025-09-23,TTAF Stock
CHEM-1600,PO065760,300,2025-09-13,2025-09-23,TTAF Stock
CHEM-1540,PO065760,4000,2025-09-13,2025-09-23,TTAF Stock
CHEM-1690,PO065760,135,2025-09-13,2025-09-23,TTAF Stock
CHEM-1720,PO065760,1200,2025-09-13,2025-09-23,TTAF Stock
CHEM-1280,PO065761,1000,2025-09-13,2025-09-25,TTAF Stock
CHEM-1440,PO065760,150,2025-09-13,2025-09-23,TTAF Stock
CHEM-1240,PO065760,660,2025-09-13,2025-09-23,TTAF Stock
CHEM-1200,PO065760,25,2025-09-13,2025-09-23,TTAF Stock
CHEM-1760,PO065760,17,2025-09-13,2025-09-23,TTAF Stock
CHEM-1650,PO065760,25,2025-09-13,2025-09-23,TTAF Stock
4HL,PO065838,13920,2025-10-08,2025-10-10,TTAF Stock
4HL,PO065838,9120,2025-10-10,2025-10-16,TTAF Stock
4HL,PO065838,2880,2025-10-10,2025-10-16,TTAF Stock
4HL,PO065838,7680,2025-10-10,2025-10-16,TTAF Stock
4HL,PO065838,1440,2025-10-29,2025-11-06,TTAF Stock
4HL,PO065838,14400,2025-10-17,2025-10-23,TTAF Stock
1EK,PO065838,9120,2025-10-08,,TTAF Stock
1EK,PO065838,2400,2025-10-10,2025-10-16,TTAF Stock
1EK,PO065838,5280,2025-10-10,2025-10-16,TTAF Stock
1EK,PO065838,1920,2025-10-10,2025-10-16,TTAF Stock
7CL,PO065838,3240,2025-10-10,2025-10-16,TTAF Stock
9RN,PO065762,15862,2025-10-10,2025-10-23,TTAF Stock
9RN,PO065762,20229,2025-10-10,2025-10-23,TTAF Stock
9RN,PO065762,7469,2025-10-26,2025-11-04,TTAF Stock
F2290,PO065762,5940,2025-09-25,2025-09-29,TTAF Stock
0JN,PO065766,13791,2025-09-22,2025-09-25,TTAF Stock
0JN,PO065766,6336,2025-10-18,2025-10-23,TTAF Stock
CHEM-1250,PO066027,100,2025-10-14,2025-10-30,TTAF Stock
CHEM-1400,PO066027,75,2025-10-14,2025-10-30,TTAF Stock
CHEM-1570,PO066027,36,2025-10-14,2025-10-30,TTAF Stock
CHEM-1670,PO066027,180,2025-10-14,2025-10-30,TTAF Stock
CHEM-1700,PO066027,60,2025-10-14,2025-10-30,TTAF Stock
CHEM-1660,PO066026,120,2025-10-10,2025-10-22,TTAF Stock
CHEM-1420,PO066027,160,2025-10-14,2025-10-30,TTAF Stock
CHEM-1530,PO066027,1400,2025-10-14,2025-10-30,TTAF Stock
CHEM-1600,PO066027,200,2025-10-14,2025-10-30,TTAF Stock
CHEM-1540,PO066027,3500,2025-10-14,2025-10-30,TTAF Stock
CHEM-1690,PO066027,135,2025-10-14,2025-10-30,TTAF Stock
CHEM-1720,PO066027,1320,2025-10-14,2025-10-30,TTAF Stock
CHEM-1280,PO066026,1000,2025-10-10,2025-10-22,TTAF Stock
CHEM-1440,PO066027,150,2025-10-14,2025-10-30,TTAF Stock
CHEM-1240,PO066027,660,2025-10-14,2025-10-30,TTAF Stock
CHEM-1200,PO066027,25,2025-10-14,2025-10-30,TTAF Stock
4HL,PO065960,9600,2025-10-29,2025-11-06,TTAF Stock
4HL,PO065960,9600,2025-10-31,2025-11-06,TTAF Stock
4HL,PO065960,7680,2025-11-19,2025-11-22,TTAF Stock
4HL,PO065960,1920,2025-11-05,2025-11-07,TTAF Stock
4HL,PO065960,4800,2025-11-26,2025-12-01,TTAF Stock
4HL,PO065960,9600,2025-11-11,2025-11-20,TTAF Stock
1EK,PO065960,960,2025-11-19,2025-11-22,TTAF Stock
1EK,PO065960,11040,2025-11-05,2025-11-07,TTAF Stock
1EK,PO065960,4800,2025-11-26,2025-12-01,TTAF Stock
7CL,PO065960,1080,2025-11-19,2025-11-22,TTAF Stock
7CL,PO065960,540,2025-11-05,2025-11-07,TTAF Stock
9RN,PO066028,3245,2025-10-26,2025-11-04,TTAF Stock
9RN,PO066028,15026,2025-10-26,2025-11-04,TTAF Stock
9RN,PO066028,22869,2025-10-26,2025-11-04,TTAF Stock
F2290,PO066028,1980,2025-10-26,2025-11-04,TTAF Stock
0JN,PO066017,12672,2025-10-18,2025-10-23,TTAF Stock
0JN,PO066017,10913,2025-11-11,,TTAF Stock
CHEM-1250,PO066269,100,2025-11-11,2025-11-25,TTAF Stock
CHEM-1400,PO066269,100,2025-11-11,2025-11-25,TTAF Stock
CHEM-1570,PO066269,36,2025-11-11,2025-11-25,TTAF Stock
CHEM-1670,PO066269,180,2025-11-11,2025-11-25,TTAF Stock
CHEM-1700,PO066269,60,2025-11-11,2025-11-25,TTAF Stock
CHEM-1660,PO066268,135,2025-11-05,2025-11-10,TTAF Stock
CHEM-1420,PO066269,240,2025-11-11,2025-11-25,TTAF Stock
CHEM-1530,PO066269,2800,2025-11-11,2025-11-25,TTAF Stock
CHEM-1600,PO066269,175,2025-11-11,2025-11-25,TTAF Stock
CHEM-1540,PO066269,2500,2025-11-11,2025-11-25,TTAF Stock
CHEM-1690,PO066269,135,2025-11-11,2025-11-25,TTAF Stock
CHEM-1280,PO066268,1000,2025-11-05,2025-11-10,TTAF Stock
CHEM-1440,PO066269,150,2025-11-11,2025-11-25,TTAF Stock
CHEM-1240,PO066269,440,2025-11-11,2025-11-25,TTAF Stock
CHEM-1760,PO066269,17,2025-11-11,2025-11-25,TTAF Stock
4HL,PO066191,960,2025-12-16,2026-01-06,TTAF Stock
4HL,PO066191,9600,2025-12-17,2025-12-31,TTAF Stock
4HL,PO066191,9600,2025-12-16,2026-01-06,TTAF Stock
4HL,PO066191,9120,2025-12-21,2025-12-31,TTAF Stock
4HL,PO066191,9600,2025-12-10,2025-12-11,TTAF Stock
1EK,PO066191,7680,2025-12-08,2025-12-12,TTAF Stock
1EK,PO066191,8160,2025-12-16,2026-01-06,TTAF Stock
7CL,PO066191,1620,2025-12-08,2025-12-12,TTAF Stock
9RN,PO066260,18964,2025-11-26,2025-12-11,TTAF Stock
9RN,PO066260,19305,2025-11-26,2025-12-11,TTAF Stock
9RN,PO066260,5291,2025-11-26,2025-12-01,TTAF Stock
0JN,PO066261,19008,2025-12-03,2025-12-08,TTAF Stock
ABN,PO066512,1408,2025-11-26,2025-12-01,TTAF Stock
YAN,PO066512,1386,2025-11-26,2025-12-01,TTAF Stock
KEJ,PO066460,1620,2025-11-30,2025-12-05,TTAF Stock
JEJ,PO066460,874,2025-11-30,2025-12-05,TTAF Stock
CHEM-1250,PO066524,75,2025-12-15,2025-12-23,TTAF Stock
CHEM-1400,PO066524,400,2025-12-15,2025-12-23,TTAF Stock
CHEM-1570,PO066524,18,2025-12-15,2025-12-23,TTAF Stock
CHEM-1670,PO066524,360,2025-12-15,2025-12-23,TTAF Stock
CHEM-1700,PO066524,60,2025-12-15,2025-12-23,TTAF Stock
CHEM-1660,PO066513,135,2025-12-15,2025-12-19,TTAF Stock
CHEM-1420,PO066524,240,2025-12-15,2025-12-23,TTAF Stock
CHEM-1530,PO066524,2100,2025-12-15,2025-12-23,TTAF Stock
CHEM-1600,PO066524,425,2025-12-15,2025-12-23,TTAF Stock
CHEM-1540,PO066524,2500,2025-12-15,2025-12-23,TTAF Stock
CHEM-1720,PO066524,1200,2025-12-15,2025-12-23,TTAF Stock
CHEM-1280,PO066513,1000,2025-12-15,2025-12-19,TTAF Stock
CHEM-1440,PO066524,150,2025-12-15,2025-12-23,TTAF Stock
CHEM-1240,PO066524,440,2025-12-15,2025-12-23,TTAF Stock
4HL,PO066428,2400,2026-01-13,2026-01-21,TTAF Stock
4HL,PO066428,9120,2025-12-28,2026-01-08,TTAF Stock
4HL,PO066428,9600,2026-01-13,2026-01-20,TTAF Stock
4HL,PO066428,9600,2026-01-20,2026-01-27,TTAF Stock
4HL,PO066428,9600,2026-01-07,2026-01-09,TTAF Stock
1EK,PO066428,3840,2025-11-21,,TTAF Stock
1EK,PO066428,5760,2026-01-13,2026-01-20,TTAF Stock
1EK,PO066428,9600,2025-12-30,2026-01-10,TTAF Stock
1EK,PO066428,9600,2026-01-07,2026-01-09,TTAF Stock
1EK,PO066428,4800,2026-01-28,2026-02-03,TTAF Stock
7CL,PO066428,8100,2026-01-13,2026-01-21,TTAF Stock
9RN,PO066528,21274,2025-12-27,2026-01-08,TTAF Stock
9RN,PO066528,9702,2025-12-27,2026-01-08,TTAF Stock
0JN,PO066525,18609,2026-01-01,,TTAF Stock
CHEM-1250,PO066734,100,2026-01-05,2026-01-15,TTAF Stock
CHEM-1200,PO066734,25,2026-01-05,2026-01-15,TTAF Stock
CHEM-1570,PO066734,36,2026-01-05,2026-01-15,TTAF Stock
CHEM-1670,PO066734,180,2026-01-05,2026-01-15,TTAF Stock
CHEM-1700,PO066734,90,2026-01-05,2026-01-15,TTAF Stock
CHEM-1660,,60,2026-01-05,2026-01-15,TTAF Stock
CHEM-1420,PO066734,240,2026-01-05,2026-01-15,TTAF Stock
CHEM-1530,PO066734,1400,2026-01-05,2026-01-15,TTAF Stock
CHEM-1600,PO066734,250,2026-01-05,2026-01-15,TTAF Stock
CHEM-1540,PO066734,5000,2026-01-05,2026-01-15,TTAF Stock
CHEM-1720,PO066734,1920,2026-01-05,2026-01-15,TTAF Stock
CHEM-1280,,1000,2026-01-05,2026-01-15,TTAF Stock
CHEM-1440,PO066734,200,2026-01-05,2026-01-15,TTAF Stock
CHEM-1240,PO066734,660,2026-01-05,2026-01-15,TTAF Stock
CHEM-1830,PO066761,150,2026-01-05,2026-01-15,TTAF Stock
CHEM-1100,,300,2026-01-05,2026-01-15,TTAF Stock
4HL,,9600,2026-01-26,2026-01-29,TTAF Stock
4HL,,17280,2026-02-16,2026-02-17,TTAF Stock
4HL,,9600,2026-02-03,2026-02-09,TTAF Stock
4HL,,1920,2026-02-16,2026-02-16,TTAF Stock
4HL,,5280,2026-03-06,2026-03-11,TTAF Stock
4HL,,365,2026-02-16,2026-02-17,TTAF Stock
1EK,,7200,2026-02-16,2026-02-16,TTAF Stock
1EK,,6720,2026-03-06,2026-03-11,TTAF Stock
1EK,,160,2026-02-16,2026-02-16,TTAF Stock
1EK,,474,2026-03-06,2026-03-11,TTAF Stock
7CL,,1620,2026-02-16,2026-02-17,TTAF Stock
9RN,PO066735,19206,2026-01-11,2026-01-19,TTAF Stock
9RN,PO066735,15642,2026-01-11,2026-01-19,TTAF Stock
F2290,PO066735,1980,2026-01-11,2026-01-19,TTAF Stock
0JN,PO066755,1584,2026-01-25,2026-01-27,TTAF Stock
0JN,PO066755,18530,2026-02-23,2026-02-26,TTAF Stock
CHEM-1240,PO066939,880,2026-02-15,2026-02-19,TTAF Stock
CHEM-1250,PO066939,50,2026-02-15,2026-02-19,TTAF Stock
CHEM-1400,PO066939,250,2026-02-15,2026-02-19,TTAF Stock
CHEM-1420,PO066939,240,2026-02-15,2026-02-19,TTAF Stock
CHEM-1440,PO066939,200,2026-02-15,2026-02-19,TTAF Stock
CHEM-1540,PO066939,2500,2026-02-15,2026-02-19,TTAF Stock
CHEM-1530,PO066939,2100,2026-02-15,2026-02-19,TTAF Stock
CHEM-1600,PO066939,300,2026-02-15,2026-02-19,TTAF Stock
CHEM-1570,PO066939,36,2026-02-15,2026-02-19,TTAF Stock
CHEM-1670,PO066939,180,2026-02-15,2026-02-19,TTAF Stock
CHEM-1690,PO066939,135,2026-02-15,2026-02-19,TTAF Stock
CHEM-1700,PO066939,60,2026-02-15,2026-02-19,TTAF Stock
CHEM-1720,PO066939,2040,2026-02-15,2026-02-19,TTAF Stock
CHEM-1760,PO066939,17,2026-02-15,2026-02-19,TTAF Stock
CHEM-1200,PO066939,25,2026-02-15,2026-02-19,TTAF Stock
CHEM-1680,PO066939,200,2026-02-15,2026-02-19,TTAF Stock
CHEM-1660,PO066949,60,2026-02-03,,TTAF Stock
CHEM-1830,,75,2026-02-15,2026-02-19,TTAF Stock
CHEM-1820,,500,2026-02-15,2026-02-19,TTAF Stock
CHEM-1840,,18,2026-02-15,2026-02-19,TTAF Stock
TPP-1469,,18.64,2026-02-15,2026-02-19,TTAF Stock
4HL,,9120,2026-02-22,2026-02-26,TTAF Stock
4HL,,14400,2026-03-16,2026-03-21,TTAF Stock
4HL,,14400,2026-03-01,2026-03-09,TTAF Stock
4HL,,20640,2026-03-11,2026-03-17,TTAF Stock
4HL,,16320,2026-03-22,2026-03-27,TTAF Stock
4HL,,960,2026-03-23,2026-03-31,TTAF Stock
4HL,,432,2026-02-22,2026-02-26,TTAF Stock
1EK,,14400,2026-02-22,2026-02-26,TTAF Stock
1EK,,14400,2026-03-01,2026-03-09,TTAF Stock
1EK,,9120,2026-03-11,2026-03-17,TTAF Stock
TDJ,PO066946,784,2026-03-31,2026-04-02,TTAF Stock
9RN,PO066934,21780,2026-02-15,2026-02-19,TTAF Stock
0JN,PO066940,8243,2026-03-14,2026-03-18,TTAF Stock
CHEM-1240,PO067067,440,2026-03-11,2026-03-18,TTAF Stock
CHEM-1250,PO067067,100,2026-03-11,2026-03-18,TTAF Stock
CHEM-1400,PO067067,100,2026-03-11,2026-03-18,TTAF Stock
CHEM-1420,PO067067,160,2026-03-11,2026-03-18,TTAF Stock
CHEM-1440,PO067067,200,2026-03-11,2026-03-18,TTAF Stock
CHEM-1540,PO067067,3000,2026-03-11,2026-03-18,TTAF Stock
CHEM-1530,PO067067,2100,2026-03-11,2026-03-18,TTAF Stock
CHEM-1600,PO067067,100,2026-03-11,2026-03-18,TTAF Stock
CHEM-1570,PO067067,36,2026-03-11,2026-03-18,TTAF Stock
CHEM-1670,PO067067,180,2026-03-11,2026-03-18,TTAF Stock
CHEM-1700,PO067067,60,2026-03-11,2026-03-18,TTAF Stock
CHEM-1720,PO067067,720,2026-03-11,2026-03-18,TTAF Stock
PP FILM,PO067067,3000,2026-03-11,2026-03-18,TTAF Stock
CHEM-1650,PO067067,25,2026-03-11,2026-03-18,TTAF Stock
Original Towel,PO067067,10000,2026-03-11,2026-03-18,TTAF Stock
TPP-1469,,18.7,2026-03-11,2026-03-18,TTAF Stock
CHEM-1660,PO067070,180,2026-03-11,2026-03-18,TTAF Stock
CHEM-1280,PO067070,1000,2026-03-11,2026-03-18,TTAF Stock
4HL,,960,2026-03-31,2026-04-07,TTAF Stock
4HL,,9600,2026-04-08,2026-04-16,TTAF Stock
4HL,,4800,2026-03-31,2026-04-13,TTAF Stock
4HL,,480,2026-03-31,2026-04-02,TTAF Stock
4HL,,5760,2026-04-13,2026-04-20,TTAF Stock
4HL,,156,2026-03-31,2026-04-02,TTAF Stock
4HL,,144,2026-03-31,2026-04-14,TTAF Stock
1EK,,4800,2026-03-17,2026-03-24,TTAF Stock
1EK,,10080,2026-03-31,2026-04-03,TTAF Stock
1EK,,1920,2026-03-31,2026-04-02,TTAF Stock
TDJ,PO067121,784,2026-04-24,2026-05-05,TTAF Stock
TDJ,PO067121,205,2026-04-24,2026-05-05,TTAF Stock
9RN,PO067086,22792,2026-03-31,2026-04-13,TTAF Stock
9RN,PO067086,4796,2026-03-31,2026-04-13,TTAF Stock
0JN,PO067071,18835,2026-03-22,2026-03-31,TTAF Stock
0JN,PO067071,9289,2026-04-04,2026-04-08,TTAF Stock
0JN,PO067071,11522,2026-04-26,2026-05-05,TTAF Stock
CHEM-1250,PO067281,150,2026-04-05,,TTAF Stock
CHEM-1400,PO067281,300,2026-04-05,,TTAF Stock
CHEM-1420,PO067281,240,2026-04-05,,TTAF Stock
CHEM-1440,PO067281,200,2026-04-05,,TTAF Stock
CHEM-1540,PO067281,2000,2026-04-05,,TTAF Stock
CHEM-1530,PO067281,2800,2026-04-05,,TTAF Stock
CHEM-1600,PO067281,250,2026-04-05,,TTAF Stock
CHEM-1570,PO067281,36,2026-04-05,,TTAF Stock
CHEM-1670,PO067281,180,2026-04-05,,TTAF Stock
CHEM-1690,PO067281,135,2026-04-05,,TTAF Stock
CHEM-1700,PO067281,60,2026-04-05,,TTAF Stock
CHEM-1720,PO067281,720,2026-04-05,,TTAF Stock
CHEM-1760,PO067281,17,2026-04-05,,TTAF Stock
CHEM-1200,PO067281,25,2026-04-05,,TTAF Stock
CHEM-1680,PO067281,200,2026-04-05,,TTAF Stock
CHEM-1660,PO067274,180,2026-04-05,,TTAF Stock
4HL,,19200,2026-04-19,2026-04-23,TTAF Stock
4HL,,19200,2026-04-24,2026-04-24,TTAF Stock
4HL,,15840,2026-05-13,2026-05-19,TTAF Stock
4HL,,5760,2026-05-17,2026-05-25,TTAF Stock
4HL,,246,2026-05-13,2026-05-19,TTAF Stock
1EK,,8640,2026-05-04,2026-05-08,TTAF Stock
1EK,,9120,2026-05-13,2026-05-19,TTAF Stock
1EK,,9600,2026-05-09,2026-05-19,TTAF Stock
1EK,,2880,2026-05-13,2026-05-19,TTAF Stock
1EK,,392,2026-05-13,2026-05-19,TTAF Stock
1EK,,745,2026-05-04,2026-05-11,TTAF Stock
9RN,PO067280,22869,2026-04-19,2026-04-24,TTAF Stock
9RN,PO067280,18216,2026-04-19,2026-04-24,TTAF Stock
9RN,PO067280,19140,2026-05-22,2026-05-28,TTAF Stock
9RN,PO067280,14795,2026-05-22,2026-05-27,TTAF Stock
0JN,PO067278,7117,2026-04-26,2026-05-05,TTAF Stock
0JN,PO067278,12672,2026-04-26,2026-05-05,TTAF Stock
0JN,PO067278,18825,2026-05-23,2026-05-28,TTAF Stock
0JN,PO067278,1188,2026-05-30,,In-transit
CHEM-1240,PO067529,660,2026-05-14,2026-05-22,TTAF Stock
CHEM-1250,PO067529,150,2026-05-14,2026-05-22,TTAF Stock
CHEM-1400,PO067529,350,2026-05-14,2026-05-22,TTAF Stock
CHEM-1420,PO067529,320,2026-05-14,2026-05-22,TTAF Stock
CHEM-1440,PO067529,200,2026-05-14,2026-05-22,TTAF Stock
CHEM-1540,PO067529,2500,2026-05-14,2026-05-22,TTAF Stock
CHEM-1530,PO067529,3500,2026-05-14,2026-05-22,TTAF Stock
CHEM-1600,PO067529,350,2026-05-14,2026-05-22,TTAF Stock
CHEM-1570,PO067529,36,2026-05-14,2026-05-22,TTAF Stock
CHEM-1670,PO067529,180,2026-05-14,2026-05-22,TTAF Stock
CHEM-1690,PO067529,135,2026-05-14,2026-05-22,TTAF Stock
CHEM-1700,PO067529,60,2026-05-14,2026-05-22,TTAF Stock
CHEM-1720,PO067529,1080,2026-05-14,2026-05-22,TTAF Stock
CHEM-1680,PO067529,200,2026-05-14,2026-05-22,TTAF Stock
CHEM-1730,PO067529,200,2026-05-14,2026-05-22,TTAF Stock
CHEM-1660,PO067514,120,2026-05-13,2026-05-21,TTAF Stock
CHEM-1280,PO067514,1000,2026-05-13,2026-05-21,TTAF Stock
4HL,,6720,2026-05-22,2026-05-27,TTAF Stock
4HL,,14400,2026-05-28,,In-transit
4HL,,9600,2026-06-02,,In-transit
4HL,,13440,2026-06-08,,In-transit
4HL,,11040,2026-06-08,,In-transit
4HL,,346,2026-05-22,2026-05-27,TTAF Stock
1EK,,4800,2026-05-22,2026-05-27,TTAF Stock
1EK,,434,2026-05-22,2026-05-27,TTAF Stock
9RN,PO067508,15554,2026-06-02,,In-transit
9RN,PO067508,20746,2026-06-15,,In-transit
0JN,PO067515,7919,2026-05-30,,In-transit
CHEM-1240,PO068015,660,2026-06-08,,In-transit
CHEM-1250,PO068015,50,2026-06-08,,In-transit
CHEM-1400,PO068015,200,2026-06-08,,In-transit
CHEM-1420,PO068015,240,2026-06-08,,In-transit
CHEM-1540,PO068015,4500,2026-06-08,,In-transit
CHEM-1530,PO068015,2100,2026-06-08,,In-transit
CHEM-1570,PO068015,18,2026-06-08,,In-transit
CHEM-1670,PO068015,360,2026-06-08,,In-transit
CHEM-1690,PO068015,135,2026-06-08,,In-transit
CHEM-1700,PO068015,60,2026-06-08,,In-transit
CHEM-1720,PO068015,1320,2026-06-08,,In-transit
CHEM-1760,PO068015,17,2026-06-08,,In-transit
CHEM-1200,PO068015,25,2026-06-08,,In-transit
CHEM-1840,PO068015,18,2026-06-08,,In-transit
TPP-1469,,74.56,2026-06-08,,In-transit
CHEM-1660,PO067957,180,2026-06-08,,In-transit
CHEM-1280,PO067957,1000,2026-06-08,,In-transit
4HL,,12000,2026-07-10,,Unconfirmed
4HL,,6240,2026-07-12,,Unconfirmed
4HL,,6240,2026-07-17,,Unconfirmed
4HL,,5972,2026-07-19,,Unconfirmed
4HL,,5760,2026-07-24,,Unconfirmed
4HL,,6240,2026-07-26,,Unconfirmed
4HL,,5902,2026-07-31,,Unconfirmed
4HL,,6240,2026-08-02,,Unconfirmed
4HL,,5760,2026-08-07,,Unconfirmed
TDJ,,392,2026-07-19,,Unconfirmed
TDJ,,200,2026-07-24,,Unconfirmed
TDJ,,392,2026-07-26,,Unconfirmed
TDJ,,392,2026-08-02,,Unconfirmed
TDJ,,392,2026-08-07,,Unconfirmed
0JN,PO067815,12672,2026-06-30,,Unconfirmed
CHEM-1240,PO067960,440,2026-07-03,,Unconfirmed
CHEM-1250,PO067960,125,2026-07-03,,Unconfirmed
CHEM-1400,PO067960,250,2026-07-03,,Unconfirmed
CHEM-1420,PO067960,240,2026-07-03,,Unconfirmed
CHEM-1440,PO067960,200,2026-07-03,,Unconfirmed
CHEM-1540,PO067960,2000,2026-07-03,,Unconfirmed
CHEM-1530,PO067960,2100,2026-07-03,,Unconfirmed
CHEM-1600,PO067960,300,2026-07-03,,Unconfirmed
CHEM-1570,PO067960,54,2026-07-03,,Unconfirmed
CHEM-1670,PO067960,180,2026-07-03,,Unconfirmed
CHEM-1700,PO067960,90,2026-07-03,,Unconfirmed
CHEM-1720,PO067960,960,2026-07-03,,Unconfirmed
CHEM-1200,PO067960,25,2026-07-03,,Unconfirmed
CHEM-1680,PO067960,100,2026-07-03,,Unconfirmed
CHEM-1840,PO067960,18,2026-07-03,,Unconfirmed
TPP-1469,,37.28,2026-07-03,,Unconfirmed
CHEM-1660,PO067957,150,2026-07-02,,Unconfirmed
CHEM-1280,PO067957,1500,2026-07-02,,Unconfirmed
0JN,PO067959,18612,2026-07-31,,Unconfirmed
